<?xml version="1.0" encoding="UTF-8"?>

<!-- generated on 2021-12-16 11:35:26 by Eclipse SUMO duarouter Version 1.11.0
<configuration xmlns:xsi="http://www.w3.org/2001/XMLSchema-instance" xsi:noNamespaceSchemaLocation="http://sumo.dlr.de/xsd/duarouterConfiguration.xsd">

    <input>
        <net-file value="C:\Users\DELL\Desktop\Tesi\PES-main\paper\tools\2021-12-16-11-35-12\osm.net.xml"/>
        <route-files value="C:\Users\DELL\Desktop\Tesi\PES-main\paper\tools\2021-12-16-11-35-12\osm.passenger.trips.xml"/>
    </input>

    <output>
        <output-file value="C:\Users\DELL\Desktop\Tesi\PES-main\paper\tools\2021-12-16-11-35-12\osm.passenger.trips.xml.tmp"/>
        <write-trips value="true"/>
    </output>

    <time>
        <begin value="0"/>
        <end value="3600"/>
    </time>

    <report>
        <no-warnings value="true"/>
        <ignore-errors value="true"/>
        <no-step-log value="true"/>
    </report>

</configuration>
-->

<routes xmlns:xsi="http://www.w3.org/2001/XMLSchema-instance" xsi:noNamespaceSchemaLocation="http://sumo.dlr.de/xsd/routes_file.xsd">
    <vType id="veh_passenger" vClass="passenger"/>
    <trip id="1" type="veh_passenger" depart="0.00" departLane="best" from="581959665#1" to="715277962#1" via="135953375#21"/>
    <trip id="2" type="veh_passenger" depart="0.00" departLane="best" from="581959665#1" to="134621261#0" via="135953375#21"/>
    <trip id="3" type="veh_passenger" depart="0.00" departLane="best" from="581959665#1" to="134621261#0" via="135953375#21"/>
    <trip id="4" type="veh_passenger" depart="0.00" departLane="best" from="581959665#1" to="134621261#0" via="135953375#21"/>
    <trip id="5" type="veh_passenger" depart="0.00" departLane="best" from="581959665#1" to="134621261#0" via="135953375#21"/>
    <trip id="6" type="veh_passenger" depart="0.00" departLane="best" from="581959665#1" to="134621261#0" via="135953375#21"/>
    <trip id="7" type="veh_passenger" depart="0.00" departLane="best" from="581959665#1" to="134621261#0" via="135953375#21"/>
    <!--<trip id="veh1" type="veh_passenger" depart="3.44" departLane="best" from="794821098#3" to="134621261#0"/>
    <trip id="veh3" type="veh_passenger" depart="10.33" departLane="best" from="198874544#0" to="378406887#0"/>
    <trip id="veh5" type="veh_passenger" depart="17.22" departLane="best" departSpeed="max" from="569443033#0" to="4306021#35"/>
    <trip id="veh6" type="veh_passenger" depart="20.66" departLane="best" departSpeed="max" from="198994310#0" to="485830402#0"/>
    <trip id="veh8" type="veh_passenger" depart="27.55" departLane="best" from="715211389#13" to="616097570#6"/>
    <trip id="veh11" type="veh_passenger" depart="37.89" departLane="best" from="715211389#5" to="658620806#1"/>
    <trip id="veh12" type="veh_passenger" depart="41.33" departLane="best" from="4306021#26" to="968469951#1"/>
    <trip id="veh13" type="veh_passenger" depart="44.77" departLane="best" from="217383025#1" to="4308541#6"/>
    <trip id="veh15" type="veh_passenger" depart="51.66" departLane="best" departSpeed="max" from="783061126#0" to="46604404#1"/>
    <trip id="veh16" type="veh_passenger" depart="55.11" departLane="best" from="616097570#6" to="-767384959#2"/>
    <trip id="veh17" type="veh_passenger" depart="58.55" departLane="best" from="199310502#4" to="207883950#1"/>
    <trip id="veh18" type="veh_passenger" depart="61.99" departLane="best" departSpeed="max" from="131724934#0" to="198994314#2"/>
    <trip id="veh19" type="veh_passenger" depart="65.44" departLane="best" from="135953375#21" to="207831778#3"/>
    <trip id="veh20" type="veh_passenger" depart="68.88" departLane="best" from="556168188#0" to="208793251#3"/>
    <trip id="veh21" type="veh_passenger" depart="72.33" departLane="best" from="215320282#1" to="198715024#1"/>
    <trip id="veh22" type="veh_passenger" depart="75.77" departLane="best" from="207831533#1" to="963120908#0"/>
    <trip id="veh23" type="veh_passenger" depart="79.21" departLane="best" from="569443032#2" to="5072825#7"/>
    <trip id="veh24" type="veh_passenger" depart="82.66" departLane="best" from="197979802#1" to="658620805#0"/>
    <trip id="veh26" type="veh_passenger" depart="89.55" departLane="best" from="984870585" to="569443032#1"/>
    <trip id="veh28" type="veh_passenger" depart="96.44" departLane="best" from="735338668#5" to="712157727#0"/>
    <trip id="veh29" type="veh_passenger" depart="99.88" departLane="best" from="199310502#6" to="-255866964#1"/>
    <trip id="veh30" type="veh_passenger" depart="103.32" departLane="best" from="208554600#3" to="207830040#5"/>
    <trip id="veh31" type="veh_passenger" depart="106.77" departLane="best" from="198737797#6" to="963120919#1"/>
    <trip id="veh35" type="veh_passenger" depart="120.54" departLane="best" from="207831528#4" to="206507202#4"/>
    <trip id="veh36" type="veh_passenger" depart="123.99" departLane="best" from="46225230#1" to="207778723#1"/>
    <trip id="veh37" type="veh_passenger" depart="127.43" departLane="best" from="4768714#4" to="848742948#1"/>
    <trip id="veh40" type="veh_passenger" depart="137.76" departLane="best" from="13858295#1" to="550361772#2"/>
    <trip id="veh41" type="veh_passenger" depart="141.21" departLane="best" from="715181642#5" to="25427595#0"/>
    <trip id="veh42" type="veh_passenger" depart="144.65" departLane="best" from="108715490#1" to="217383023"/>
    <trip id="veh45" type="veh_passenger" depart="154.99" departLane="best" from="-16863761#1" to="658620787#0"/>
    <trip id="veh46" type="veh_passenger" depart="158.43" departLane="best" from="581959663#0" to="4306021#11"/>
    <trip id="veh47" type="veh_passenger" depart="161.87" departLane="best" from="207831533#0" to="569443032#1"/>
    <trip id="veh48" type="veh_passenger" depart="165.32" departLane="best" from="13907174#3" to="28519847#0"/>
    <trip id="veh50" type="veh_passenger" depart="172.21" departLane="best" from="386416108#1" to="197979802#1"/>
    <trip id="veh51" type="veh_passenger" depart="175.65" departLane="best" from="958571813#0" to="787559040"/>
    <trip id="veh52" type="veh_passenger" depart="179.09" departLane="best" from="208498196#3" to="569443031#7"/>
    <trip id="veh55" type="veh_passenger" depart="189.43" departLane="best" from="711989785#1" to="386878913#3"/>
    <trip id="veh56" type="veh_passenger" depart="192.87" departLane="best" from="-12560268#0" to="208554600#3"/>
    <trip id="veh57" type="veh_passenger" depart="196.31" departLane="best" from="-208554968#1" to="963120895#1"/>
    <trip id="veh59" type="veh_passenger" depart="203.20" departLane="best" from="208506748#2" to="1007895021#2"/>
    <trip id="veh61" type="veh_passenger" depart="210.09" departLane="best" from="131724956" to="316166609#7"/>
    <trip id="veh63" type="veh_passenger" depart="216.98" departLane="best" departSpeed="max" from="71079797#0" to="156927092#0"/>
    <trip id="veh64" type="veh_passenger" depart="220.42" departLane="best" from="316166609#9" to="4308541#2"/>
    <trip id="veh66" type="veh_passenger" depart="227.31" departLane="best" from="27008379#1" to="198715270#1"/>
    <trip id="veh67" type="veh_passenger" depart="230.76" departLane="best" from="4306021#31" to="658620806#1"/>
    <trip id="veh68" type="veh_passenger" depart="234.20" departLane="best" from="198715270#4" to="208506442#11"/>
    <trip id="veh70" type="veh_passenger" depart="241.09" departLane="best" from="29021030#1" to="386419594#1"/>
    <trip id="veh71" type="veh_passenger" depart="244.53" departLane="best" from="14720224#2" to="198737801#2"/>
    <trip id="veh72" type="veh_passenger" depart="247.98" departLane="best" from="208643582#5" to="4768714#4"/>
    <trip id="veh73" type="veh_passenger" depart="251.42" departLane="best" from="12476959#1" to="556168188#2"/>
    <trip id="veh74" type="veh_passenger" depart="254.86" departLane="best" from="199310502#6" to="931222615#3"/>
    <trip id="veh75" type="veh_passenger" depart="258.31" departLane="best" departSpeed="max" from="783061126#0" to="131724932#4"/>
    <trip id="veh76" type="veh_passenger" depart="261.75" departLane="best" from="206506959#7" to="581959650#3"/>
    <trip id="veh77" type="veh_passenger" depart="265.20" departLane="best" from="198737801#4" to="16862739#1"/>
    <trip id="veh78" type="veh_passenger" depart="268.64" departLane="best" from="963120896#3" to="46305928#1"/>
    <trip id="veh79" type="veh_passenger" depart="272.09" departLane="best" from="316166609#13" to="715181642#4"/>
    <trip id="veh80" type="veh_passenger" depart="275.53" departLane="best" from="715211389#6" to="198005098#12"/>
    <trip id="veh81" type="veh_passenger" depart="278.97" departLane="best" departSpeed="max" from="134621885#0" to="279989324#0"/>
    <trip id="veh83" type="veh_passenger" depart="285.86" departLane="best" from="658620799#1" to="581959658#1"/>
    <trip id="veh85" type="veh_passenger" depart="292.75" departLane="best" from="235931746#2" to="208642571#2"/>
    <trip id="veh86" type="veh_passenger" depart="296.19" departLane="best" departSpeed="max" from="783061126#0" to="206507202#4"/>
    <trip id="veh87" type="veh_passenger" depart="299.64" departLane="best" from="198005100#4" to="295476230#1"/>
    <trip id="veh88" type="veh_passenger" depart="303.08" departLane="best" from="255866964#1" to="207831778#4"/>
    <trip id="veh91" type="veh_passenger" depart="313.41" departLane="best" from="4308557#1" to="-931222643"/>
    <trip id="veh93" type="veh_passenger" depart="320.30" departLane="best" from="767384958#1" to="191505563#2"/>
    <trip id="veh94" type="veh_passenger" depart="323.75" departLane="best" from="33803215#1" to="198715273#1"/>
    <trip id="veh95" type="veh_passenger" depart="327.19" departLane="best" from="22977507" to="1007895022#0"/>
    <trip id="veh97" type="veh_passenger" depart="334.08" departLane="best" from="296399431#4" to="25427595#0"/>
    <trip id="veh99" type="veh_passenger" depart="340.97" departLane="best" from="4308557#3" to="654245207"/>
    <trip id="veh100" type="veh_passenger" depart="344.41" departLane="best" from="968328215#1" to="46604404#5"/>
    <trip id="veh101" type="veh_passenger" depart="347.86" departLane="best" from="4306021#5" to="672401944#1"/>
    <trip id="veh102" type="veh_passenger" depart="351.30" departLane="best" from="1007895021#1" to="4742597"/>
    <trip id="veh103" type="veh_passenger" depart="354.74" departLane="best" from="386416108#3" to="783044491#2"/>
    <trip id="veh104" type="veh_passenger" depart="358.19" departLane="best" from="191505321#1" to="968093374#9"/>
    <trip id="veh105" type="veh_passenger" depart="361.63" departLane="best" departSpeed="max" from="131724934#0" to="198005097#2"/>
    <trip id="veh106" type="veh_passenger" depart="365.08" departLane="best" from="5035772#7" to="581959663#0"/>
    <trip id="veh107" type="veh_passenger" depart="368.52" departLane="best" from="199649971#0" to="13911660#0"/>
    <trip id="veh108" type="veh_passenger" depart="371.96" departLane="best" from="794821098#1" to="206507202#1"/>
    <trip id="veh109" type="veh_passenger" depart="375.41" departLane="best" from="5035772#6" to="5118207#2"/>
    <trip id="veh111" type="veh_passenger" depart="382.30" departLane="best" from="387266159#2" to="963120899#0"/>
    <trip id="veh112" type="veh_passenger" depart="385.74" departLane="best" from="198715273#6" to="65057040#0"/>
    <trip id="veh114" type="veh_passenger" depart="392.63" departLane="best" from="581959642#1" to="208033309#4"/>
    <trip id="veh115" type="veh_passenger" depart="396.07" departLane="best" from="208554600#4" to="672401944#1"/>
    <trip id="veh116" type="veh_passenger" depart="399.52" departLane="best" from="12560268#1" to="296399431#2"/>
    <trip id="veh117" type="veh_passenger" depart="402.96" departLane="best" from="131724914#1" to="198715270#4"/>
    <trip id="veh118" type="veh_passenger" depart="406.41" departLane="best" from="207831528#6" to="963120897#2"/>
    <trip id="veh120" type="veh_passenger" depart="413.29" departLane="best" from="734406096#11" to="62106231#3"/>
    <trip id="veh123" type="veh_passenger" depart="423.63" departLane="best" from="715611130#1" to="208033309#4"/>
    <trip id="veh124" type="veh_passenger" depart="427.07" departLane="best" departSpeed="max" from="569718745#0" to="963120916"/>
    <trip id="veh125" type="veh_passenger" depart="430.51" departLane="best" departSpeed="max" from="172405421#0" to="13858295#1"/>
    <trip id="veh126" type="veh_passenger" depart="433.96" departLane="best" from="135953376#0" to="4308541#9"/>
    <trip id="veh127" type="veh_passenger" depart="437.40" departLane="best" from="207831778#5" to="507137553#1"/>
    <trip id="veh128" type="veh_passenger" depart="440.85" departLane="best" from="65057040#0" to="198033680"/>
    <trip id="veh129" type="veh_passenger" depart="444.29" departLane="best" from="550361772#5" to="207799527#1"/>
    <trip id="veh130" type="veh_passenger" depart="447.74" departLane="best" from="33803215#8" to="931222615#3"/>
    <trip id="veh131" type="veh_passenger" depart="451.18" departLane="best" from="746789182#0" to="134621272#1"/>
    <trip id="veh133" type="veh_passenger" depart="458.07" departLane="best" from="-13907174#1" to="711989785#1"/>
    <trip id="veh134" type="veh_passenger" depart="461.51" departLane="best" from="664287432#3" to="4308541#6"/>
    <trip id="veh135" type="veh_passenger" depart="464.96" departLane="best" from="279989318#0" to="-14716364#1"/>
    <trip id="veh136" type="veh_passenger" depart="468.40" departLane="best" from="131724930" to="790271208"/>
    <trip id="veh137" type="veh_passenger" depart="471.84" departLane="best" from="878771427#0" to="4306021#4"/>
    <trip id="veh139" type="veh_passenger" depart="478.73" departLane="best" from="187918254#4" to="156927092#0"/>
    <trip id="veh140" type="veh_passenger" depart="482.18" departLane="best" from="208506752#2" to="848742950#0"/>
    <trip id="veh142" type="veh_passenger" depart="489.06" departLane="best" from="8038155#3" to="198715024#1"/>
    <trip id="veh144" type="veh_passenger" depart="495.95" departLane="best" from="711989785#2" to="792868476#0"/>
    <trip id="veh146" type="veh_passenger" depart="502.84" departLane="best" from="190727195#1" to="963120895#1"/>
    <trip id="veh148" type="veh_passenger" depart="509.73" departLane="best" from="715211394#19" to="790271208"/>
    <trip id="veh149" type="veh_passenger" depart="513.17" departLane="best" from="-208643582#7" to="664287431"/>
    <trip id="veh150" type="veh_passenger" depart="516.62" departLane="best" from="208642573#1" to="963120896#2"/>
    <trip id="veh151" type="veh_passenger" depart="520.06" departLane="best" from="715211379#4" to="787559039#0"/>
    <trip id="veh152" type="veh_passenger" depart="523.51" departLane="best" from="715211394#19" to="207830036#2"/>
    <trip id="veh153" type="veh_passenger" depart="526.95" departLane="best" from="712187000" to="135953375#24"/>
    <trip id="veh156" type="veh_passenger" depart="537.28" departLane="best" from="315229024#7" to="208489244#6"/>
    <trip id="veh157" type="veh_passenger" depart="540.73" departLane="best" from="715201470#13" to="198737806#1"/>
    <trip id="veh158" type="veh_passenger" depart="544.17" departLane="best" from="-208643582#5" to="198005098#3"/>
    <trip id="veh159" type="veh_passenger" depart="547.61" departLane="best" from="208641736#5" to="787559039#0"/>
    <trip id="veh160" type="veh_passenger" depart="551.06" departLane="best" from="968328214#4" to="207831779#0"/>
    <trip id="veh163" type="veh_passenger" depart="561.39" departLane="best" from="963120899#0" to="13858295#0"/>
    <trip id="veh164" type="veh_passenger" depart="564.84" departLane="best" from="968328215#2" to="197979802#1"/>
    <trip id="veh165" type="veh_passenger" depart="568.28" departLane="best" from="968093374#9" to="207830034#2"/>
    <trip id="veh166" type="veh_passenger" depart="571.72" departLane="best" from="135953468#0" to="279989327#7"/>
    <trip id="veh167" type="veh_passenger" depart="575.17" departLane="best" from="658620799#1" to="208506442#5"/>
    <trip id="veh168" type="veh_passenger" depart="578.61" departLane="best" from="5072825#4" to="378406888#0"/>
    <trip id="veh169" type="veh_passenger" depart="582.06" departLane="best" from="218671037#3" to="46604404#0"/>
    <trip id="veh170" type="veh_passenger" depart="585.50" departLane="best" from="-131724956" to="963120893#2"/>
    <trip id="veh171" type="veh_passenger" depart="588.94" departLane="best" from="4306021#30" to="658620780#1"/>
    <trip id="veh172" type="veh_passenger" depart="592.39" departLane="best" from="210177006#0" to="131724930"/>
    <trip id="veh173" type="veh_passenger" depart="595.83" departLane="best" from="208554600#1" to="783044491#1"/>
    <trip id="veh174" type="veh_passenger" depart="599.28" departLane="best" from="65057040#1" to="208033309#4"/>
    <trip id="veh175" type="veh_passenger" depart="602.72" departLane="best" from="208506752#3" to="22820239#3"/>
    <trip id="veh177" type="veh_passenger" depart="609.61" departLane="best" from="848742950#0" to="510732895#3"/>
    <trip id="veh178" type="veh_passenger" depart="613.05" departLane="best" from="208498201#3" to="4306021#8"/>
    <trip id="veh179" type="veh_passenger" depart="616.50" departLane="best" from="-11565283#1" to="207831943#2"/>
    <trip id="veh180" type="veh_passenger" depart="619.94" departLane="best" from="279989324#0" to="46604404#5"/>
    <trip id="veh181" type="veh_passenger" depart="623.39" departLane="best" from="569455487#1" to="309519056#1"/>
    <trip id="veh182" type="veh_passenger" depart="626.83" departLane="best" from="295476229#2" to="198715273#1"/>
    <trip id="veh183" type="veh_passenger" depart="630.27" departLane="best" from="316166609#4" to="878771432#0"/>
    <trip id="veh184" type="veh_passenger" depart="633.72" departLane="best" from="715201470#14" to="191523280#6"/>
    <trip id="veh186" type="veh_passenger" depart="640.61" departLane="best" from="550361772#2" to="208641735#1"/>
    <trip id="veh187" type="veh_passenger" depart="644.05" departLane="best" from="715611130#2" to="672401944#1"/>
    <trip id="veh188" type="veh_passenger" depart="647.49" departLane="best" from="581959643#2" to="198737801#2"/>
    <trip id="veh189" type="veh_passenger" depart="650.94" departLane="best" from="207298902#3" to="315396033#3"/>
    <trip id="veh190" type="veh_passenger" depart="654.38" departLane="best" from="767384959#1" to="131724933#1"/>
    <trip id="veh191" type="veh_passenger" depart="657.83" departLane="best" from="25425328#2" to="556168188#0"/>
    <trip id="veh192" type="veh_passenger" depart="661.27" departLane="best" from="198005395#2" to="616097570#13"/>
    <trip id="veh193" type="veh_passenger" depart="664.71" departLane="best" from="378406887#2" to="206506959#11"/>
    <trip id="veh194" type="veh_passenger" depart="668.16" departLane="best" from="569455487#4" to="-13911660#0"/>
    <trip id="veh196" type="veh_passenger" depart="675.05" departLane="best" from="135953376#0" to="27008379#1"/>
    <trip id="veh197" type="veh_passenger" depart="678.49" departLane="best" from="198005096#6" to="968093374#3"/>
    <trip id="veh198" type="veh_passenger" depart="681.94" departLane="best" from="386419596#7" to="-931222643"/>
    <trip id="veh199" type="veh_passenger" depart="685.38" departLane="best" from="207460362#1" to="783044491#1"/>
    <trip id="veh200" type="veh_passenger" depart="688.82" departLane="best" from="314805372#1" to="715211394#12"/>
    <trip id="veh202" type="veh_passenger" depart="695.71" departLane="best" from="5035772#7" to="968051650#0"/>
    <trip id="veh203" type="veh_passenger" depart="699.16" departLane="best" from="794821098#2" to="5072826#6"/>
    <trip id="veh204" type="veh_passenger" depart="702.60" departLane="best" from="65057040#1" to="378406887#0"/>
    <trip id="veh205" type="veh_passenger" depart="706.04" departLane="best" from="734406094#13" to="4306021#8"/>
    <trip id="veh207" type="veh_passenger" depart="712.93" departLane="best" from="316166609#8" to="207516091#3"/>
    <trip id="veh208" type="veh_passenger" depart="716.38" departLane="best" from="207298910#1" to="569443031#2"/>
    <trip id="veh209" type="veh_passenger" depart="719.82" departLane="best" departSpeed="max" from="71079797#0" to="386419596#17"/>
    <trip id="veh210" type="veh_passenger" depart="723.27" departLane="best" from="5118210#7" to="207831533#4"/>
    <trip id="veh211" type="veh_passenger" depart="726.71" departLane="best" departSpeed="max" from="131724934#0" to="207831942#1"/>
    <trip id="veh212" type="veh_passenger" depart="730.15" departLane="best" from="207831778#4" to="208506752#5"/>
    <trip id="veh213" type="veh_passenger" depart="733.60" departLane="best" from="199429372#3" to="61511890#1"/>
    <trip id="veh214" type="veh_passenger" depart="737.04" departLane="best" from="616097571#2" to="11562935#2"/>
    <trip id="veh215" type="veh_passenger" depart="740.49" departLane="best" departSpeed="max" from="24531077" to="4306021#3"/>
    <trip id="veh216" type="veh_passenger" depart="743.93" departLane="best" from="25425692#3" to="198715024#1"/>
    <trip id="veh217" type="veh_passenger" depart="747.37" departLane="best" departSpeed="max" from="25428380#0" to="931222615#1"/>
    <trip id="veh218" type="veh_passenger" depart="750.82" departLane="best" from="4768714#3" to="616097570#1"/>
    <trip id="veh219" type="veh_passenger" depart="754.26" departLane="best" departSpeed="max" from="783061126#0" to="711989781#5"/>
    <trip id="veh220" type="veh_passenger" depart="757.71" departLane="best" from="217383025#4" to="-13911660#0"/>
    <trip id="veh221" type="veh_passenger" depart="761.15" departLane="best" from="208678438#0" to="69976421#0"/>
    <trip id="veh223" type="veh_passenger" depart="768.04" departLane="best" departSpeed="max" from="25428380#0" to="672401689#1"/>
    <trip id="veh224" type="veh_passenger" depart="771.48" departLane="best" from="4308541#2" to="505256329#1"/>
    <trip id="veh227" type="veh_passenger" depart="781.82" departLane="best" from="208642577#5" to="581959665#2"/>
    <trip id="veh228" type="veh_passenger" depart="785.26" departLane="best" from="316160691#3" to="156927092#0"/>
    <trip id="veh232" type="veh_passenger" depart="799.04" departLane="best" from="172405421#4" to="30179566#1"/>
    <trip id="veh234" type="veh_passenger" depart="805.92" departLane="best" from="207516091#3" to="131724961#4"/>
    <trip id="veh236" type="veh_passenger" depart="812.81" departLane="best" departSpeed="max" from="569443033#0" to="69976421#1"/>
    <trip id="veh237" type="veh_passenger" depart="816.26" departLane="best" from="968051639#2" to="198005100#6"/>
    <trip id="veh240" type="veh_passenger" depart="826.59" departLane="best" from="46296013#2" to="198715273#8"/>
    <trip id="veh241" type="veh_passenger" depart="830.03" departLane="best" from="61511850#2" to="711989781#6"/>
    <trip id="veh242" type="veh_passenger" depart="833.48" departLane="best" from="665181106#3" to="135953468#0"/>
    <trip id="veh243" type="veh_passenger" depart="836.92" departLane="best" from="715611140#2" to="968328214#3"/>
    <trip id="veh245" type="veh_passenger" depart="843.81" departLane="best" from="208506752#6" to="581959665#1"/>
    <trip id="veh247" type="veh_passenger" depart="850.70" departLane="best" from="622561171#1" to="131724935#0"/>
    <trip id="veh248" type="veh_passenger" depart="854.14" departLane="best" from="581959669#2" to="550361772#2"/>
    <trip id="veh249" type="veh_passenger" depart="857.59" departLane="best" from="135953375#23" to="711989785#2"/>
    <trip id="veh250" type="veh_passenger" depart="861.03" departLane="best" from="767384959#1" to="505256328#2"/>
    <trip id="veh252" type="veh_passenger" depart="867.92" departLane="best" from="711993455#0" to="208643582#7"/>
    <trip id="veh253" type="veh_passenger" depart="871.36" departLane="best" from="279989318#0" to="208793255#4"/>
    <trip id="veh254" type="veh_passenger" depart="874.81" departLane="best" from="386419594#0" to="208642574#2"/>
    <trip id="veh255" type="veh_passenger" depart="878.25" departLane="best" from="767384959#1" to="734406094#12"/>
    <trip id="veh256" type="veh_passenger" depart="881.69" departLane="best" from="135953375#6" to="968093378#0"/>
    <trip id="veh257" type="veh_passenger" depart="885.14" departLane="best" from="556168188#0" to="734406096#14"/>
    <trip id="veh258" type="veh_passenger" depart="888.58" departLane="best" from="616097571#4" to="286827105#1"/>
    <trip id="veh259" type="veh_passenger" depart="892.03" departLane="best" from="663070500" to="968328214#5"/>
    <trip id="veh260" type="veh_passenger" depart="895.47" departLane="best" from="207831778#0" to="715211394#6"/>
    <trip id="veh261" type="veh_passenger" depart="898.92" departLane="best" from="4306021#3" to="316166609#11"/>
    <trip id="veh263" type="veh_passenger" depart="905.80" departLane="best" from="207831636#0" to="783044491#2"/>
    <trip id="veh264" type="veh_passenger" depart="909.25" departLane="best" from="734406094#13" to="134621261#0"/>
    <trip id="veh265" type="veh_passenger" depart="912.69" departLane="best" from="790262283#3" to="206506959#11"/>
    <trip id="veh266" type="veh_passenger" depart="916.14" departLane="best" from="315396033#1" to="5072826#0"/>
    <trip id="veh268" type="veh_passenger" depart="923.02" departLane="best" from="778460621#0" to="197979803#0"/>
    <trip id="veh269" type="veh_passenger" depart="926.47" departLane="best" from="208643587#3" to="790262283#3"/>
    <trip id="veh270" type="veh_passenger" depart="929.91" departLane="best" from="61511897#2" to="207831636#2"/>
    <trip id="veh271" type="veh_passenger" depart="933.36" departLane="best" from="-16862739#0" to="968051639#2"/>
    <trip id="veh272" type="veh_passenger" depart="936.80" departLane="best" from="131724956" to="658620781"/>
    <trip id="veh273" type="veh_passenger" depart="940.24" departLane="best" from="33803215#8" to="70811762#3"/>
    <trip id="veh276" type="veh_passenger" depart="950.58" departLane="best" departSpeed="max" from="134621885#0" to="198737797#2"/>
    <trip id="veh277" type="veh_passenger" depart="954.02" departLane="best" from="581959669#3" to="208489244#9"/>
    <trip id="veh278" type="veh_passenger" depart="957.47" departLane="best" from="4742597" to="315229025#2"/>
    <trip id="veh279" type="veh_passenger" depart="960.91" departLane="best" departSpeed="max" from="412569392#0" to="27008379#1"/>
    <trip id="veh280" type="veh_passenger" depart="964.35" departLane="best" departSpeed="max" from="665181106#0" to="208555093#3"/>
    <trip id="veh281" type="veh_passenger" depart="967.80" departLane="best" from="616097570#13" to="207831526#3"/>
    <trip id="veh283" type="veh_passenger" depart="974.69" departLane="best" from="198005100#8" to="13911660#0"/>
    <trip id="veh285" type="veh_passenger" depart="981.57" departLane="best" from="198005098#3" to="198715273#7"/>
    <trip id="veh286" type="veh_passenger" depart="985.02" departLane="best" from="323916051#5" to="658620790#1"/>
    <trip id="veh288" type="veh_passenger" depart="991.91" departLane="best" from="207883950#1" to="135952945#1"/>
    <trip id="veh289" type="veh_passenger" depart="995.35" departLane="best" from="198005097#5" to="-197845905#2"/>
    <trip id="veh290" type="veh_passenger" depart="998.79" departLane="best" from="4306021#17" to="207831533#2"/>
    <trip id="veh291" type="veh_passenger" depart="0.00" departLane="best" from="968328219#1" to="4308541#9"/>
    <trip id="veh292" type="veh_passenger" depart="0.00" departLane="best" from="61511844#1" to="14720224#1"/>
    <trip id="veh296" type="veh_passenger" depart="0.00" departLane="best" from="198005098#2" to="-963120887#2"/>
    <trip id="veh297" type="veh_passenger" depart="0.00" departLane="best" from="963120908#0" to="316160748#0"/>
    <trip id="veh299" type="veh_passenger" depart="0.00" departLane="best" from="131724919#0" to="556168188#0"/>
    <trip id="veh300" type="veh_passenger" depart="0.00" departLane="best" from="-963120887#8" to="187918254#7"/>
    <trip id="veh301" type="veh_passenger" depart="0.00" departLane="best" from="46296013#1" to="208489244#3"/>
    <trip id="veh303" type="veh_passenger" depart="0.00" departLane="best" departSpeed="max" from="71079797#0" to="5072825#10"/>
    <trip id="veh304" type="veh_passenger" depart="0.00" departLane="best" from="715181642#2" to="198737801#4"/>
    <trip id="veh305" type="veh_passenger" depart="0.00" departLane="best" from="387266159#1" to="295476230#4"/>
    <trip id="veh307" type="veh_passenger" depart="0.00" departLane="best" from="984870585" to="208489244#6"/>
    <trip id="veh308" type="veh_passenger" depart="0.00" departLane="best" departSpeed="max" from="5118205#0" to="5072825#8"/>
    <trip id="veh309" type="veh_passenger" depart="0.00" departLane="best" from="664287432#2" to="968051639#2"/>
    <trip id="veh312" type="veh_passenger" depart="0.00" departLane="best" from="197979802#4" to="131724933#1"/>
    <trip id="veh313" type="veh_passenger" depart="0.00" departLane="best" from="-13858295#1" to="295476230#4"/>
    <trip id="veh314" type="veh_passenger" depart="0.00" departLane="best" from="5035772#6" to="207883950#3"/>
    <trip id="veh315" type="veh_passenger" depart="0.00" departLane="best" from="199429372#3" to="622561169"/>
    <trip id="veh316" type="veh_passenger" depart="0.00" departLane="best" from="616097570#13" to="296383691#15"/>
    <trip id="veh317" type="veh_passenger" depart="0.00" departLane="best" from="581959667#2" to="963120891#0"/>
    <trip id="veh319" type="veh_passenger" depart="0.00" departLane="best" departSpeed="max" from="569718745#0" to="963120897#2"/>
    <trip id="veh321" type="veh_passenger" depart="0.00" departLane="best" from="569443032#2" to="931222643"/>
    <trip id="veh322" type="veh_passenger" depart="0.00" departLane="best" from="734406094#1" to="131724933#1"/>
    <trip id="veh323" type="veh_passenger" depart="0.00" departLane="best" from="191658734#8" to="208498196#4"/>
    <trip id="veh325" type="veh_passenger" depart="0.00" departLane="best" from="207883957#8" to="14712362#2"/>
    <trip id="veh327" type="veh_passenger" depart="0.00" departLane="best" from="378406887#0" to="131724961#4"/>
    <trip id="veh328" type="veh_passenger" depart="0.00" departLane="best" from="-5118207#0" to="279989324#1"/>
    <trip id="veh329" type="veh_passenger" depart="0.00" departLane="best" from="208555093#3" to="206507202#4"/>
    <trip id="veh331" type="veh_passenger" depart="0.00" departLane="best" from="734406096#14" to="46305934#2"/>
    <trip id="veh333" type="veh_passenger" depart="0.00" departLane="best" from="581959643#2" to="207831319#0"/>
    <trip id="veh335" type="veh_passenger" depart="0.00" departLane="best" from="316166393#0" to="569718744#1"/>
    <trip id="veh337" type="veh_passenger" depart="0.00" departLane="best" from="4768714#4" to="556168190#1"/>
    <trip id="veh339" type="veh_passenger" depart="0.00" departLane="best" from="208677469#5" to="208556977#2"/>
    <trip id="veh341" type="veh_passenger" depart="0.00" departLane="best" from="208642571#0" to="61511890#1"/>
    <trip id="veh342" type="veh_passenger" depart="0.00" departLane="best" from="207883957#7" to="963120919#1"/>
    <trip id="veh343" type="veh_passenger" depart="0.00" departLane="best" from="715211394#25" to="4308541#2"/>
    <trip id="veh344" type="veh_passenger" depart="0.00" departLane="best" from="296399431#4" to="208506747#1"/>
    <trip id="veh345" type="veh_passenger" depart="0.00" departLane="best" from="208555095#0" to="968328218#1"/>
    <trip id="veh346" type="veh_passenger" depart="0.00" departLane="best" from="235931748#13" to="386416108#4"/>
    <trip id="veh347" type="veh_passenger" depart="0.00" departLane="best" from="984863712#1" to="581717495#2"/>
    <trip id="veh348" type="veh_passenger" depart="0.00" departLane="best" from="4306021#6" to="237263156#0"/>
    <trip id="veh349" type="veh_passenger" depart="0.00" departLane="best" from="198005098#5" to="208678438#3"/>
    <trip id="veh351" type="veh_passenger" depart="0.00" departLane="best" from="70811699#2" to="198033680"/>
    <trip id="veh352" type="veh_passenger" depart="0.00" departLane="best" from="4308541#9" to="963120893#4"/>
    <trip id="veh353" type="veh_passenger" depart="0.00" departLane="best" from="293805157#0" to="616097570#6"/>
    <trip id="veh354" type="veh_passenger" depart="0.00" departLane="best" from="14720224#3" to="968469951#1"/>
    <trip id="veh355" type="veh_passenger" depart="0.00" departLane="best" from="5072826#0" to="199429372#8"/>
    <trip id="veh356" type="veh_passenger" depart="0.00" departLane="best" from="191505321#5" to="4308541#3"/>
    <trip id="veh357" type="veh_passenger" depart="0.00" departLane="best" from="4308557#15" to="134621272#2"/>
    <trip id="veh359" type="veh_passenger" depart="0.00" departLane="best" from="315229024#8" to="13907174#3"/>
    <trip id="veh360" type="veh_passenger" depart="0.00" departLane="best" from="734406095#1" to="33803215#3"/>
    <trip id="veh362" type="veh_passenger" depart="0.00" departLane="best" from="207831779#4" to="735338668#4"/>
    <trip id="veh364" type="veh_passenger" depart="0.00" departLane="best" from="4308557#12" to="217383025#0"/>
    <trip id="veh365" type="veh_passenger" depart="0.00" departLane="best" from="958993595#2" to="378406887#3"/>
    <trip id="veh366" type="veh_passenger" depart="0.00" departLane="best" from="790262282#4" to="787559039#0"/>
    <trip id="veh367" type="veh_passenger" depart="0.00" departLane="best" from="207831780#4" to="715201470#17"/>
    <trip id="veh368" type="veh_passenger" depart="0.00" departLane="best" from="25425692#0" to="963120897#2"/>
    <trip id="veh369" type="veh_passenger" depart="0.00" departLane="best" from="386419596#1" to="734406094#10"/>
    <trip id="veh370" type="veh_passenger" depart="0.00" departLane="best" from="207883950#1" to="208033309#4"/>
    <trip id="veh373" type="veh_passenger" depart="0.00" departLane="best" from="4306021#30" to="208643582#1"/>
    <trip id="veh374" type="veh_passenger" depart="0.00" departLane="best" from="4308557#14" to="4306021#31"/>
    <trip id="veh375" type="veh_passenger" depart="0.00" departLane="best" from="198005100#2" to="616097570#2"/>
    <trip id="veh376" type="veh_passenger" depart="0.00" departLane="best" from="46314207" to="199310502#10"/>
    <trip id="veh378" type="veh_passenger" depart="0.00" departLane="best" from="664763827#0" to="622561168#0"/>
    <trip id="veh379" type="veh_passenger" depart="0.00" departLane="best" from="715211394#21" to="217383025#4"/>
    <trip id="veh380" type="veh_passenger" depart="0.00" departLane="best" from="576911613" to="734406094#10"/>
    <trip id="veh381" type="veh_passenger" depart="0.00" departLane="best" departSpeed="max" from="984863710" to="323916051#4"/>
    <trip id="veh382" type="veh_passenger" depart="0.00" departLane="best" from="5035772#2" to="787559039#2"/>
    <trip id="veh384" type="veh_passenger" depart="0.00" departLane="best" departSpeed="max" from="412569392#0" to="296383969#7"/>
    <trip id="veh385" type="veh_passenger" depart="0.00" departLane="best" from="658620781" to="235931746#2"/>
    <trip id="veh387" type="veh_passenger" depart="0.00" departLane="best" from="316166375#1" to="968328217#2"/>
    <trip id="veh388" type="veh_passenger" depart="0.00" departLane="best" from="208643582#6" to="61511850#2"/>
    <trip id="veh389" type="veh_passenger" depart="0.00" departLane="best" departSpeed="max" from="569443033#0" to="783044491#2"/>
    <trip id="veh391" type="veh_passenger" depart="0.00" departLane="best" from="217383025#3" to="208506752#2"/>
    <trip id="veh392" type="veh_passenger" depart="0.00" departLane="best" from="65057040#0" to="71076793#0"/>
    <trip id="veh395" type="veh_passenger" depart="0.00" departLane="best" departSpeed="max" from="665181106#0" to="279989327#7"/>
    <trip id="veh396" type="veh_passenger" depart="0.00" departLane="best" from="135952928#1" to="556168189#0"/>
    <trip id="veh399" type="veh_passenger" depart="0.00" departLane="best" from="-746789182#1" to="715211379#8"/>
    <trip id="veh401" type="veh_passenger" depart="0.00" departLane="best" from="187918252#2" to="386878913#3"/>
    <trip id="veh402" type="veh_passenger" depart="0.00" departLane="best" from="46296475" to="715201470#5"/>
    <trip id="veh403" type="veh_passenger" depart="0.00" departLane="best" from="197845908#2" to="131724961#4"/>
    <trip id="veh405" type="veh_passenger" depart="0.00" departLane="best" from="181987928#0" to="30179566#1"/>
    <trip id="veh406" type="veh_passenger" depart="0.00" departLane="best" from="207516093#1" to="207298914"/>
    <trip id="veh407" type="veh_passenger" depart="0.00" departLane="best" from="-14716364#0" to="715211394#22"/>
    <trip id="veh408" type="veh_passenger" depart="0.00" departLane="best" from="848742948#1" to="581959665#1"/>
    <trip id="veh409" type="veh_passenger" depart="0.00" departLane="best" from="191505321#2" to="29020844#2"/>
    <trip id="veh410" type="veh_passenger" depart="0.00" departLane="best" from="208677469#2" to="4768714#3"/>
    <trip id="veh411" type="veh_passenger" depart="0.00" departLane="best" from="556168189#0" to="255866964#0"/>
    <trip id="veh412" type="veh_passenger" depart="0.00" departLane="best" from="207516091#1" to="7674139"/>
    <trip id="veh413" type="veh_passenger" depart="0.00" departLane="best" from="198715025" to="217383025#1"/>
    <trip id="veh414" type="veh_passenger" depart="0.00" departLane="best" from="323916051#3" to="199429372#1"/>
    <trip id="veh415" type="veh_passenger" depart="0.00" departLane="best" from="46314207" to="46305934#2"/>
    <trip id="veh419" type="veh_passenger" depart="0.00" departLane="best" from="581959667#1" to="670824705"/>
    <trip id="veh420" type="veh_passenger" depart="0.00" departLane="best" from="-848742948#0" to="5072825#10"/>
    <trip id="veh422" type="veh_passenger" depart="0.00" departLane="best" from="207883957#2" to="715211389#13"/>
    <trip id="veh423" type="veh_passenger" depart="0.00" departLane="best" from="5072825#6" to="208677469#1"/>
    <trip id="veh424" type="veh_passenger" depart="0.00" departLane="best" from="556168188#1" to="5118210#2"/>
    <trip id="veh425" type="veh_passenger" depart="0.00" departLane="best" from="581959654#1" to="658620787#0"/>
    <trip id="veh426" type="veh_passenger" depart="0.00" departLane="best" departSpeed="max" from="569718745#0" to="741754568#1"/>
    <trip id="veh428" type="veh_passenger" depart="0.00" departLane="best" from="569443032#1" to="208498201#1"/>
    <trip id="veh429" type="veh_passenger" depart="0.00" departLane="best" from="295476229#1" to="46604404#5"/>
    <trip id="veh430" type="veh_passenger" depart="0.00" departLane="best" from="658647983#0" to="134621261#1"/>
    <trip id="veh431" type="veh_passenger" depart="0.00" departLane="best" from="208489244#3" to="672401689#1"/>
    <trip id="veh432" type="veh_passenger" depart="0.00" departLane="best" from="198005096#2" to="16862739#0"/>
    <trip id="veh433" type="veh_passenger" depart="0.00" departLane="best" from="4306021#32" to="968328218#2"/>
    <trip id="veh434" type="veh_passenger" depart="0.00" departLane="best" departSpeed="max" from="412569392#0" to="958571817"/>
    <trip id="veh435" type="veh_passenger" depart="0.00" departLane="best" from="734406094#13" to="207516091#1"/>
    <trip id="veh436" type="veh_passenger" depart="0.00" departLane="best" from="724454906#0" to="316166375#1"/>
    <trip id="veh437" type="veh_passenger" depart="0.00" departLane="best" from="715211389#2" to="672401684#1"/>
    <trip id="veh438" type="veh_passenger" depart="0.00" departLane="best" from="208643582#7" to="13858295#0"/>
    <trip id="veh439" type="veh_passenger" depart="0.00" departLane="best" from="968093378#0" to="179614831#3"/>
    <trip id="veh442" type="veh_passenger" depart="0.00" departLane="best" from="968328214#4" to="715211394#22"/>
    <trip id="veh443" type="veh_passenger" depart="0.00" departLane="best" from="210177006#0" to="715201470#18"/>
    <trip id="veh444" type="veh_passenger" depart="0.00" departLane="best" from="-197845905#13" to="4306021#10"/>
    <trip id="veh445" type="veh_passenger" depart="0.00" departLane="best" from="296399431#4" to="581959657#0"/>
    <trip id="veh446" type="veh_passenger" depart="0.00" departLane="best" from="581959643#2" to="4742597"/>
    <trip id="veh448" type="veh_passenger" depart="0.00" departLane="best" from="135953468#0" to="199310502#10"/>
    <trip id="veh449" type="veh_passenger" depart="0.00" departLane="best" from="-208643585" to="792868476#1"/>
    <trip id="veh450" type="veh_passenger" depart="0.00" departLane="best" from="46225230#1" to="958748540#1"/>
    <trip id="veh451" type="veh_passenger" depart="0.00" departLane="best" departSpeed="max" from="198994310#0" to="108715490#1"/>
    <trip id="veh452" type="veh_passenger" depart="0.00" departLane="best" from="724454905#0" to="958571813#1"/>
    <trip id="veh453" type="veh_passenger" depart="0.00" departLane="best" from="208506442#10" to="22820239#3"/>
    <trip id="veh455" type="veh_passenger" depart="0.00" departLane="best" from="208506442#4" to="323916050#4"/>
    <trip id="veh456" type="veh_passenger" depart="0.00" departLane="best" departSpeed="max" from="134621885#0" to="794821098#1"/>
    <trip id="veh457" type="veh_passenger" depart="0.00" departLane="best" from="172405421#4" to="296383691#12"/>
    <trip id="veh459" type="veh_passenger" depart="0.00" departLane="best" departSpeed="max" from="965116109#0" to="25425328#1"/>
    <trip id="veh461" type="veh_passenger" depart="0.00" departLane="best" from="25425692#0" to="135952928#1"/>
    <trip id="veh463" type="veh_passenger" depart="0.00" departLane="best" from="968051645#1" to="-28519847#0"/>
    <trip id="veh464" type="veh_passenger" depart="0.00" departLane="best" from="968051639#3" to="783045847"/>
    <trip id="veh468" type="veh_passenger" depart="0.00" departLane="best" from="767384958#0" to="296383692"/>
    <trip id="veh469" type="veh_passenger" depart="0.00" departLane="best" departSpeed="max" from="569718745#0" to="569443032#2"/>
    <trip id="veh470" type="veh_passenger" depart="0.00" departLane="best" from="712157735" to="206506959#11"/>
    <trip id="veh471" type="veh_passenger" depart="0.00" departLane="best" departSpeed="max" from="11589926#0" to="711989781#5"/>
    <trip id="veh475" type="veh_passenger" depart="0.00" departLane="best" from="187918252#1" to="159252295#1"/>
    <trip id="veh476" type="veh_passenger" depart="0.00" departLane="best" from="207516091#1" to="197845905#1"/>
    <trip id="veh478" type="veh_passenger" depart="0.00" departLane="best" from="-197845905#3" to="715201470#17"/>
    <trip id="veh479" type="veh_passenger" depart="0.00" departLane="best" from="206506959#7" to="208554600#3"/>
    <trip id="veh480" type="veh_passenger" depart="0.00" departLane="best" from="197979803#0" to="-963120887#5"/>
    <trip id="veh481" type="veh_passenger" depart="0.00" departLane="best" from="664287432#3" to="386419596#4"/>
    <trip id="veh482" type="veh_passenger" depart="0.00" departLane="best" from="711989783#4" to="386416108#2"/>
    <trip id="veh485" type="veh_passenger" depart="0.00" departLane="best" from="712157727#0" to="787559039#2"/>
    <trip id="veh486" type="veh_passenger" depart="0.00" departLane="best" from="387266131" to="296399431#1"/>
    <trip id="veh487" type="veh_passenger" depart="0.00" departLane="best" from="968093378#2" to="1007895022#2"/>
    <trip id="veh489" type="veh_passenger" depart="0.00" departLane="best" from="581959667#1" to="323916050#12"/>
    <trip id="veh490" type="veh_passenger" depart="0.00" departLane="best" from="931222616#1" to="131724933#1"/>
    <trip id="veh492" type="veh_passenger" depart="0.00" departLane="best" departSpeed="max" from="11589926#0" to="207831636#0"/>
    <trip id="veh493" type="veh_passenger" depart="0.00" departLane="best" from="550361772#2" to="4306021#9"/>
    <trip id="veh495" type="veh_passenger" depart="0.00" departLane="best" departSpeed="max" from="412569392#0" to="296383691#12"/>
    <trip id="veh496" type="veh_passenger" depart="0.00" departLane="best" from="5072825#2" to="135952928#1"/>
    <trip id="veh497" type="veh_passenger" depart="0.00" departLane="best" from="616097570#1" to="783044491#2"/>
    <trip id="veh498" type="veh_passenger" depart="0.00" departLane="best" departSpeed="max" from="569443033#0" to="711989783#2"/>
    <trip id="veh499" type="veh_passenger" depart="0.00" departLane="best" from="658620780#1" to="198715273#2"/>
    <trip id="veh500" type="veh_passenger" depart="0.00" departLane="best" from="296383969#7" to="198737812#1"/>
    <trip id="veh501" type="veh_passenger" depart="0.00" departLane="best" from="208643582#7" to="296383691#12"/>
    <trip id="veh502" type="veh_passenger" depart="0.00" departLane="best" from="25425692#3" to="134621272#2"/>
    <trip id="veh503" type="veh_passenger" depart="0.00" departLane="best" from="279989317" to="581959642#0"/>
    <trip id="veh505" type="veh_passenger" depart="0.00" departLane="best" from="963120887#1" to="12560268#1"/>
    <trip id="veh506" type="veh_passenger" depart="0.00" departLane="best" from="734406094#8" to="134621272#2"/>
    <trip id="veh507" type="veh_passenger" depart="0.00" departLane="best" departSpeed="max" from="134621885#0" to="664287432#3"/>
    <trip id="veh508" type="veh_passenger" depart="0.00" departLane="best" from="715211394#21" to="4308557#15"/>
    <trip id="veh509" type="veh_passenger" depart="0.00" departLane="best" from="208642571#0" to="14662451#1"/>
    <trip id="veh510" type="veh_passenger" depart="0.00" departLane="best" from="208678438#3" to="581959642#1"/>
    <trip id="veh512" type="veh_passenger" depart="0.00" departLane="best" from="658620780#1" to="968328215#2"/>
    <trip id="veh513" type="veh_passenger" depart="0.00" departLane="best" from="505256328#4" to="208675774#1"/>
    <trip id="veh514" type="veh_passenger" depart="0.00" departLane="best" from="569455487#6" to="198737801#1"/>
    <trip id="veh515" type="veh_passenger" depart="0.00" departLane="best" from="135953468#0" to="7674139"/>
    <trip id="veh517" type="veh_passenger" depart="0.00" departLane="best" from="46604404#1" to="715211394#28"/>
    <trip id="veh520" type="veh_passenger" depart="0.00" departLane="best" from="963120893#1" to="734406096#15"/>
    <trip id="veh521" type="veh_passenger" depart="0.00" departLane="best" from="207831533#2" to="197979802#3"/>
    <trip id="veh522" type="veh_passenger" depart="0.00" departLane="best" from="616097570#13" to="208498201#1"/>
    <trip id="veh523" type="veh_passenger" depart="0.00" departLane="best" from="208643587#1" to="-13911660#1"/>
    <trip id="veh525" type="veh_passenger" depart="0.00" departLane="best" from="22820239#3" to="179614831#6"/>
    <trip id="veh526" type="veh_passenger" depart="0.00" departLane="best" from="550361772#2" to="-24706226#0"/>
    <trip id="veh527" type="veh_passenger" depart="0.00" departLane="best" departSpeed="max" from="665181106#0" to="198715273#2"/>
    <trip id="veh528" type="veh_passenger" depart="0.00" departLane="best" departSpeed="max" from="25428380#0" to="208642573#2"/>
    <trip id="veh529" type="veh_passenger" depart="0.00" departLane="best" from="215320282#1" to="658620787#1"/>
    <trip id="veh530" type="veh_passenger" depart="0.00" departLane="best" from="711989783#3" to="46296013#2"/>
    <trip id="veh533" type="veh_passenger" depart="0.00" departLane="best" from="581959650#2" to="207831528#6"/>
    <trip id="veh534" type="veh_passenger" depart="0.00" departLane="best" departSpeed="max" from="569718745#0" to="316166609#7"/>
    <trip id="veh535" type="veh_passenger" depart="0.00" departLane="best" from="295476229#2" to="207831533#0"/>
    <trip id="veh536" type="veh_passenger" depart="0.00" departLane="best" from="69025365#0" to="135953468#0"/>
    <trip id="veh537" type="veh_passenger" depart="0.00" departLane="best" from="279989324#0" to="207831780#4"/>
    <trip id="veh538" type="veh_passenger" depart="0.00" departLane="best" from="581959657#0" to="316166609#9"/>
    <trip id="veh539" type="veh_passenger" depart="0.00" departLane="best" from="581717496#1" to="-746789182#1"/>
    <trip id="veh542" type="veh_passenger" depart="0.00" departLane="best" from="198737797#6" to="172405421#5"/>
    <trip id="veh543" type="veh_passenger" depart="0.00" departLane="best" from="207639965#2" to="208554968#2"/>
    <trip id="veh546" type="veh_passenger" depart="0.00" departLane="best" from="734406096#11" to="715211394#25"/>
    <trip id="veh548" type="veh_passenger" depart="0.00" departLane="best" from="-663070500" to="-208554968#0"/>
    <trip id="veh550" type="veh_passenger" depart="0.00" departLane="best" from="46604404#5" to="46305934#0"/>
    <trip id="veh551" type="veh_passenger" depart="0.00" departLane="best" from="62106231#2" to="25424990#6"/>
    <trip id="veh553" type="veh_passenger" depart="0.00" departLane="best" from="208556977#2" to="715211394#12"/>
    <trip id="veh554" type="veh_passenger" depart="0.00" departLane="best" from="510732896#3" to="734406096#2"/>
    <trip id="veh555" type="veh_passenger" depart="0.00" departLane="best" from="958748540#2" to="134621261#1"/>
    <trip id="veh556" type="veh_passenger" depart="0.00" departLane="best" from="746789181" to="206506959#0"/>
    <trip id="veh557" type="veh_passenger" depart="0.00" departLane="best" from="4987076#0" to="386419596#2"/>
    <trip id="veh559" type="veh_passenger" depart="0.00" departLane="best" from="197845905#3" to="378406888#0"/>
    <trip id="veh560" type="veh_passenger" depart="0.00" departLane="best" from="13911660#0" to="378406887#4"/>
    <trip id="veh561" type="veh_passenger" depart="0.00" departLane="best" from="715211394#5" to="199310502#7"/>
    <trip id="veh562" type="veh_passenger" depart="0.00" departLane="best" from="187918252#4" to="198005100#4"/>
    <trip id="veh564" type="veh_passenger" depart="0.00" departLane="best" from="569455487#3" to="197845908#1"/>
    <trip id="veh565" type="veh_passenger" depart="0.00" departLane="best" from="711989781#5" to="323916050#7"/>
    <trip id="veh566" type="veh_passenger" depart="0.00" departLane="best" from="672401689#1" to="71076793#0"/>
    <trip id="veh567" type="veh_passenger" depart="0.00" departLane="best" from="296383691#15" to="963120891#0"/>
    <trip id="veh568" type="veh_passenger" depart="0.00" departLane="best" from="46296013#4" to="556168190#1"/>
    <trip id="veh569" type="veh_passenger" depart="0.00" departLane="best" departSpeed="max" from="11589926#0" to="29020844#2"/>
    <trip id="veh570" type="veh_passenger" depart="0.00" departLane="best" from="208506442#11" to="207831533#4"/>
    <trip id="veh571" type="veh_passenger" depart="0.00" departLane="best" from="1007895021#0" to="378406887#3"/>
    <trip id="veh572" type="veh_passenger" depart="0.00" departLane="best" from="208506752#4" to="295476230#9"/>
    <trip id="veh573" type="veh_passenger" depart="0.00" departLane="best" from="1007895021#0" to="734406096#17"/>
    <trip id="veh574" type="veh_passenger" depart="0.00" departLane="best" departSpeed="max" from="131724934#0" to="787559039#0"/>
    <trip id="veh575" type="veh_passenger" depart="0.00" departLane="best" departSpeed="max" from="783061126#0" to="510732895#2"/>
    <trip id="veh576" type="veh_passenger" depart="0.00" departLane="best" from="386419594#2" to="30179566#1"/>
    <trip id="veh577" type="veh_passenger" depart="0.00" departLane="best" from="4308557#23" to="715201470#4"/>
    <trip id="veh578" type="veh_passenger" depart="0.00" departLane="best" from="794834201#1" to="295476230#3"/>
    <trip id="veh579" type="veh_passenger" depart="0.00" departLane="best" from="715211394#14" to="569718744#1"/>
    <trip id="veh580" type="veh_passenger" depart="0.00" departLane="best" from="208555093#2" to="316160691#1"/>
    <trip id="veh581" type="veh_passenger" depart="0.00" departLane="best" departSpeed="max" from="187918256#0" to="1010839939#1"/>
    <trip id="veh582" type="veh_passenger" depart="0.00" departLane="best" from="208675774#1" to="62260822#2"/>
    <trip id="veh583" type="veh_passenger" depart="0.00" departLane="best" from="386419592#1" to="191658734#6"/>
    <trip id="veh584" type="veh_passenger" depart="0.00" departLane="best" from="207298910#1" to="29020834"/>
    <trip id="veh585" type="veh_passenger" depart="0.00" departLane="best" from="293805157#4" to="386419596#18"/>
    <trip id="veh586" type="veh_passenger" depart="0.00" departLane="best" from="191505321#5" to="209333290#0"/>
    <trip id="veh587" type="veh_passenger" depart="0.00" departLane="best" from="207883950#1" to="22977507"/>
    <trip id="veh588" type="veh_passenger" depart="0.00" departLane="best" from="208643582#6" to="505256327#1"/>
    <trip id="veh589" type="veh_passenger" depart="0.00" departLane="best" from="712187004#1" to="569455489#1"/>
    <trip id="veh590" type="veh_passenger" depart="0.00" departLane="best" from="581959657#0" to="207831781#1"/>
    <trip id="veh591" type="veh_passenger" depart="0.00" departLane="best" from="658620787#1" to="581717495#2"/>
    <trip id="veh594" type="veh_passenger" depart="0.00" departLane="best" from="179614831#7" to="208652070"/>
    <trip id="veh595" type="veh_passenger" depart="0.00" departLane="best" from="968328214#5" to="616097570#6"/>
    <trip id="veh596" type="veh_passenger" depart="0.00" departLane="best" from="218688447#1" to="5035772#5"/>
    <trip id="veh597" type="veh_passenger" depart="0.00" departLane="best" from="963120897#2" to="208498201#3"/>
    <trip id="veh598" type="veh_passenger" depart="0.00" departLane="best" from="217383024#2" to="715201470#4"/>
    <trip id="veh599" type="veh_passenger" depart="0.00" departLane="best" from="734406094#11" to="664287432#3"/>
    <trip id="veh600" type="veh_passenger" depart="0.00" departLane="best" from="581959665#2" to="386419596#4"/>
    <trip id="veh601" type="veh_passenger" depart="0.00" departLane="best" from="569443032#1" to="25427595#0"/>
    <trip id="veh602" type="veh_passenger" depart="0.00" departLane="best" from="208793255#21" to="208793251#2"/>
    <trip id="veh603" type="veh_passenger" depart="0.00" departLane="best" from="198005097#6" to="198715273#1"/>
    <trip id="veh604" type="veh_passenger" depart="0.00" departLane="best" departSpeed="max" from="965116109#0" to="316166609#8"/>
    <trip id="veh606" type="veh_passenger" depart="0.00" departLane="best" departSpeed="max" from="131724934#0" to="767384959#1"/>
    <trip id="veh607" type="veh_passenger" depart="0.00" departLane="best" from="135953375#21" to="711989783#4"/>
    <trip id="veh608" type="veh_passenger" depart="0.00" departLane="best" from="734406096#13" to="792868474#0"/>
    <trip id="veh611" type="veh_passenger" depart="0.00" departLane="best" from="217383024#2" to="190727196#2"/>
    <trip id="veh612" type="veh_passenger" depart="0.00" departLane="best" from="734406094#8" to="711989785#1"/>
    <trip id="veh613" type="veh_passenger" depart="0.00" departLane="best" from="715211394#13" to="191505563#16"/>
    <trip id="veh614" type="veh_passenger" depart="0.00" departLane="best" from="29021030#1" to="235931746#5"/>
    <trip id="veh615" type="veh_passenger" depart="0.00" departLane="best" from="581959650#4" to="199429372#1"/>
    <trip id="veh616" type="veh_passenger" depart="0.00" departLane="best" from="295476230#3" to="207831781#2"/>
    <trip id="veh617" type="veh_passenger" depart="0.00" departLane="best" from="665181106#4" to="295476230#1"/>
    <trip id="veh618" type="veh_passenger" depart="0.00" departLane="best" from="4306021#17" to="208498201#3"/>
    <trip id="veh619" type="veh_passenger" depart="0.00" departLane="best" from="734406096#13" to="208793253#1"/>
    <trip id="veh621" type="veh_passenger" depart="0.00" departLane="best" from="315229024#8" to="207831779#8"/>
    <trip id="veh622" type="veh_passenger" depart="0.00" departLane="best" from="217383026#0" to="386419596#5"/>
    <trip id="veh624" type="veh_passenger" depart="0.00" departLane="best" from="715211379#2" to="179614831#0"/>
    <trip id="veh625" type="veh_passenger" depart="0.00" departLane="best" from="207516091#1" to="569443032#2"/>
    <trip id="veh627" type="veh_passenger" depart="0.00" departLane="best" from="135953375#24" to="783044491#0"/>
    <trip id="veh628" type="veh_passenger" depart="0.00" departLane="best" from="778460621#0" to="207831781#3"/>
    <trip id="veh629" type="veh_passenger" depart="0.00" departLane="best" departSpeed="max" from="71079797#0" to="207831528#8"/>
    <trip id="veh630" type="veh_passenger" depart="0.00" departLane="best" from="878771432#0" to="187918252#4"/>
    <trip id="veh632" type="veh_passenger" depart="0.00" departLane="best" departSpeed="max" from="198994310#0" to="295476230#8"/>
    <trip id="veh637" type="veh_passenger" depart="0.00" departLane="best" from="963120893#3" to="746789181"/>
    <trip id="veh638" type="veh_passenger" depart="0.00" departLane="best" departSpeed="max" from="569443033#0" to="715201470#3"/>
    <trip id="veh639" type="veh_passenger" depart="0.00" departLane="best" from="179614831#1" to="207831943#2"/>
    <trip id="veh640" type="veh_passenger" depart="0.00" departLane="best" from="734406094#12" to="616097570#13"/>
    <trip id="veh641" type="veh_passenger" depart="0.00" departLane="best" from="179614831#11" to="622561168#1"/>
    <trip id="veh642" type="veh_passenger" depart="0.00" departLane="best" departSpeed="max" from="131724934#0" to="207460362#1"/>
    <trip id="veh643" type="veh_passenger" depart="0.00" departLane="best" from="734406096#13" to="4308541#1"/>
    <trip id="veh644" type="veh_passenger" depart="0.00" departLane="best" from="658620790#2" to="386419596#6"/>
    <trip id="veh645" type="veh_passenger" depart="0.00" departLane="best" from="13907174#2" to="207883950#0"/>
    <trip id="veh646" type="veh_passenger" depart="0.00" departLane="best" from="208505379#2" to="-794824283"/>
    <trip id="veh647" type="veh_passenger" depart="0.00" departLane="best" departSpeed="max" from="25428380#0" to="715211379#2"/>
    <trip id="veh648" type="veh_passenger" depart="0.00" departLane="best" from="314805372#3" to="135953375#5"/>
    <trip id="veh649" type="veh_passenger" depart="0.00" departLane="best" from="878771432#0" to="5035772#7"/>
    <trip id="veh650" type="veh_passenger" depart="0.00" departLane="best" from="-207884336#1" to="386419592#0"/>
    <trip id="veh652" type="veh_passenger" depart="0.00" departLane="best" from="279989321#1" to="510732895#2"/>
    <trip id="veh654" type="veh_passenger" depart="0.00" departLane="best" from="576911615#1" to="134620345#3"/>
    <trip id="veh656" type="veh_passenger" depart="0.00" departLane="best" departSpeed="max" from="412569392#0" to="378406887#3"/>
    <trip id="veh657" type="veh_passenger" depart="0.00" departLane="best" from="984863712#1" to="4308557#1"/>
    <trip id="veh658" type="veh_passenger" depart="0.00" departLane="best" departSpeed="max" from="218688447#0" to="315229024#7"/>
    <trip id="veh660" type="veh_passenger" depart="0.00" departLane="best" from="207516093#1" to="-207884336#1"/>
    <trip id="veh661" type="veh_passenger" depart="0.00" departLane="best" from="712187004#0" to="208643582#1"/>
    <trip id="veh662" type="veh_passenger" depart="0.00" departLane="best" from="658647983#1" to="550361772#3"/>
    <trip id="veh663" type="veh_passenger" depart="0.00" departLane="best" from="711989781#1" to="664287430#2"/>
    <trip id="veh664" type="veh_passenger" depart="0.00" departLane="best" from="208642573#2" to="-746789181"/>
    <trip id="veh665" type="veh_passenger" depart="0.00" departLane="best" from="4308541#2" to="715611144#6"/>
    <trip id="veh667" type="veh_passenger" depart="0.00" departLane="best" from="315396033#1" to="616097570#1"/>
    <trip id="veh668" type="veh_passenger" depart="0.00" departLane="best" from="550361772#1" to="715611140#1"/>
    <trip id="veh669" type="veh_passenger" depart="0.00" departLane="best" from="108715490#1" to="712157727#1"/>
    <trip id="veh670" type="veh_passenger" depart="0.00" departLane="best" from="315229024#0" to="207883957#2"/>
    <trip id="veh671" type="veh_passenger" depart="0.00" departLane="best" from="-724454905#1" to="198005100#6"/>
    <trip id="veh672" type="veh_passenger" depart="0.00" departLane="best" from="-663070500" to="963120897#2"/>
    <trip id="veh673" type="veh_passenger" depart="0.00" departLane="best" from="386419596#4" to="984863712#0"/>
    <trip id="veh674" type="veh_passenger" depart="0.00" departLane="best" from="4306021#7" to="207298910#0"/>
    <trip id="veh675" type="veh_passenger" depart="0.00" departLane="best" departSpeed="max" from="208793254#0" to="712187004#0"/>
    <trip id="veh680" type="veh_passenger" depart="0.00" departLane="best" from="378406887#4" to="963120893#1"/>
    <trip id="veh681" type="veh_passenger" depart="0.00" departLane="best" from="386878913#3" to="715211389#9"/>
    <trip id="veh682" type="veh_passenger" depart="0.00" departLane="best" from="658620790#1" to="131724961#4"/>
    <trip id="veh683" type="veh_passenger" depart="0.00" departLane="best" from="507137553#0" to="734406094#12"/>
    <trip id="veh684" type="veh_passenger" depart="0.00" departLane="best" from="4308541#2" to="208506754#1"/>
    <trip id="veh686" type="veh_passenger" depart="0.00" departLane="best" from="208506748#1" to="505256329#1"/>
    <trip id="veh687" type="veh_passenger" depart="0.00" departLane="best" from="208678438#0" to="-663086768"/>
    <trip id="veh691" type="veh_passenger" depart="0.00" departLane="best" from="131724930" to="569443031#2"/>
    <trip id="veh692" type="veh_passenger" depart="0.00" departLane="best" from="208793849#1" to="715211389#9"/>
    <trip id="veh693" type="veh_passenger" depart="0.00" departLane="best" from="581959658#1" to="968051658#1"/>
    <trip id="veh694" type="veh_passenger" depart="0.00" departLane="best" from="711993453" to="-323916051#2"/>
    <trip id="veh695" type="veh_passenger" depart="0.00" departLane="best" departSpeed="max" from="11589926#0" to="712157728"/>
    <trip id="veh697" type="veh_passenger" depart="0.00" departLane="best" from="46305928#1" to="507137553#1"/>
    <trip id="veh698" type="veh_passenger" depart="0.00" departLane="best" from="581959657#0" to="968051639#3"/>
    <trip id="veh700" type="veh_passenger" depart="0.00" departLane="best" from="46604404#1" to="386570592#1"/>
    <trip id="veh704" type="veh_passenger" depart="0.00" departLane="best" from="218671037#5" to="45368568#1"/>
    <trip id="veh705" type="veh_passenger" depart="0.00" departLane="best" from="207830040#6" to="207516093#1"/>
    <trip id="veh707" type="veh_passenger" depart="0.00" departLane="best" from="207883954#1" to="958748541"/>
    <trip id="veh710" type="veh_passenger" depart="0.00" departLane="best" from="8038155#1" to="295476229#0"/>
    <trip id="veh712" type="veh_passenger" depart="0.00" departLane="best" from="746789182#0" to="208506752#5"/>
    <trip id="veh714" type="veh_passenger" depart="0.00" departLane="best" from="4306021#5" to="794824456#2"/>
    <trip id="veh716" type="veh_passenger" depart="0.00" departLane="best" from="963120891#0" to="569443031#2"/>
    <trip id="veh717" type="veh_passenger" depart="0.00" departLane="best" from="715201470#0" to="378406887#4"/>
    <trip id="veh718" type="veh_passenger" depart="0.00" departLane="best" from="14720224#3" to="198005395#0"/>
    <trip id="veh719" type="veh_passenger" depart="0.00" departLane="best" from="179614831#11" to="715201470#18"/>
    <trip id="veh721" type="veh_passenger" depart="0.00" departLane="best" from="215318654#1" to="715211394#20"/>
    <trip id="veh722" type="veh_passenger" depart="0.00" departLane="best" from="4308557#13" to="5072826#5"/>
    <trip id="veh723" type="veh_passenger" depart="0.00" departLane="best" from="131724962#0" to="208498201#3"/>
    <trip id="veh725" type="veh_passenger" depart="0.00" departLane="best" departSpeed="max" from="412569392#0" to="711989783#2"/>
    <trip id="veh726" type="veh_passenger" depart="0.00" departLane="best" from="724454901#4" to="131724933#1"/>
    <trip id="veh727" type="veh_passenger" depart="0.00" departLane="best" from="968328218#1" to="569443032#2"/>
    <trip id="veh728" type="veh_passenger" depart="0.00" departLane="best" from="296383692" to="581959667#1"/>
    <trip id="veh729" type="veh_passenger" depart="0.00" departLane="best" from="208677469#1" to="790262282#4"/>
    <trip id="veh730" type="veh_passenger" depart="0.00" departLane="best" from="198005098#1" to="968328214#7"/>
    <trip id="veh733" type="veh_passenger" depart="0.00" departLane="best" from="208555095#0" to="622561172"/>
    <trip id="veh734" type="veh_passenger" depart="0.00" departLane="best" from="208677469#3" to="963120919#0"/>
    <trip id="veh736" type="veh_passenger" depart="0.00" departLane="best" from="4308557#11" to="14716364#1"/>
    <trip id="veh737" type="veh_passenger" depart="0.00" departLane="best" from="208506442#11" to="387266159#0"/>
    <trip id="veh738" type="veh_passenger" depart="0.00" departLane="best" from="386416108#3" to="191523280#3"/>
    <trip id="veh740" type="veh_passenger" depart="0.00" departLane="best" from="569455492" to="658620787#0"/>
    <trip id="veh741" type="veh_passenger" depart="0.00" departLane="best" from="5072825#10" to="767384958#0"/>
    <trip id="veh742" type="veh_passenger" depart="0.00" departLane="best" from="46296013#2" to="734406095#1"/>
    <trip id="veh744" type="veh_passenger" depart="0.00" departLane="best" from="556168190#1" to="46604404#0"/>
    <trip id="veh745" type="veh_passenger" depart="0.00" departLane="best" departSpeed="max" from="569443033#0" to="711989781#6"/>
    <trip id="veh746" type="veh_passenger" depart="0.00" departLane="best" departSpeed="max" from="25428380#0" to="569443031#7"/>
    <trip id="veh747" type="veh_passenger" depart="0.00" departLane="best" from="378406887#4" to="550361772#2"/>
    <trip id="veh748" type="veh_passenger" depart="0.00" departLane="best" from="207883957#8" to="968093374#0"/>
    <trip id="veh749" type="veh_passenger" depart="0.00" departLane="best" from="323916051#1" to="715211394#22"/>
    <trip id="veh750" type="veh_passenger" depart="0.00" departLane="best" from="581959665#2" to="207884336#1"/>
    <trip id="veh751" type="veh_passenger" depart="0.00" departLane="best" from="131724914#1" to="1007895022#1"/>
    <trip id="veh752" type="veh_passenger" depart="0.00" departLane="best" from="295476229#0" to="316166609#12"/>
    <trip id="veh754" type="veh_passenger" depart="0.00" departLane="best" from="208506754#1" to="654245207"/>
    <trip id="veh757" type="veh_passenger" depart="0.00" departLane="best" from="215320282#2" to="45368568#1"/>
    <trip id="veh758" type="veh_passenger" depart="0.00" departLane="best" from="208554968#1" to="314805372#3"/>
    <trip id="veh759" type="veh_passenger" depart="0.00" departLane="best" from="207831533#2" to="206507202#4"/>
    <trip id="veh760" type="veh_passenger" depart="0.00" departLane="best" departSpeed="max" from="134621885#0" to="207883950#3"/>
    <trip id="veh761" type="veh_passenger" depart="0.00" departLane="best" from="218671037#2" to="510732895#3"/>
    <trip id="veh762" type="veh_passenger" depart="0.00" departLane="best" from="207298914" to="787559039#1"/>
    <trip id="veh763" type="veh_passenger" depart="0.00" departLane="best" from="191505563#13" to="208554968#1"/>
    <trip id="veh764" type="veh_passenger" depart="0.00" departLane="best" from="46829235#1" to="208506442#4"/>
    <trip id="veh765" type="veh_passenger" depart="0.00" departLane="best" departSpeed="max" from="71079797#0" to="33803215#3"/>
    <trip id="veh766" type="veh_passenger" depart="0.00" departLane="best" from="386419596#4" to="33803215#4"/>
    <trip id="veh767" type="veh_passenger" depart="0.00" departLane="best" from="208506752#2" to="-208643582#4"/>
    <trip id="veh769" type="veh_passenger" depart="0.00" departLane="best" from="968328214#3" to="198715273#2"/>
    <trip id="veh770" type="veh_passenger" depart="0.00" departLane="best" from="208678438#1" to="-931222643"/>
    <trip id="veh771" type="veh_passenger" depart="0.00" departLane="best" from="378406887#2" to="790271208"/>
    <trip id="veh772" type="veh_passenger" depart="0.00" departLane="best" from="569455487#0" to="315229024#7"/>
    <trip id="veh773" type="veh_passenger" depart="0.00" departLane="best" from="4306021#27" to="783044491#0"/>
    <trip id="veh774" type="veh_passenger" depart="0.00" departLane="best" from="279989324#1" to="790271208"/>
    <trip id="veh775" type="veh_passenger" depart="0.00" departLane="best" from="658620790#2" to="711989781#1"/>
    <trip id="veh777" type="veh_passenger" depart="0.00" departLane="best" from="46305934#1" to="198005098#5"/>
    <trip id="veh778" type="veh_passenger" depart="0.00" departLane="best" from="4308557#2" to="131724933#1"/>
    <trip id="veh779" type="veh_passenger" depart="0.00" departLane="best" from="386419592#0" to="711989781#1"/>
    <trip id="veh780" type="veh_passenger" depart="0.00" departLane="best" from="207831942#2" to="984863712#0"/>
    <trip id="veh781" type="veh_passenger" depart="0.00" departLane="best" from="581959661#1" to="13911192#1"/>
    <trip id="veh782" type="veh_passenger" depart="0.00" departLane="best" from="968469950#0" to="218688446#1"/>
    <trip id="veh783" type="veh_passenger" depart="0.00" departLane="best" from="715201470#12" to="208642571#1"/>
    <trip id="veh784" type="veh_passenger" depart="0.00" departLane="best" from="963120899#0" to="69976421#1"/>
    <trip id="veh785" type="veh_passenger" depart="0.00" departLane="best" from="198715025" to="378406887#4"/>
    <trip id="veh786" type="veh_passenger" depart="0.00" departLane="best" from="378406888#0" to="-746789182#1"/>
    <trip id="veh787" type="veh_passenger" depart="0.00" departLane="best" from="176480949#0" to="208556977#2"/>
    <trip id="veh788" type="veh_passenger" depart="0.00" departLane="best" from="316166609#5" to="296383969#7"/>
    <trip id="veh789" type="veh_passenger" depart="0.00" departLane="best" from="5072825#4" to="386419592#0"/>
    <trip id="veh790" type="veh_passenger" depart="0.00" departLane="best" from="208641736#4" to="5072826#7"/>
    <trip id="veh792" type="veh_passenger" depart="0.00" departLane="best" from="664287432#1" to="208033309#4"/>
    <trip id="veh793" type="veh_passenger" depart="0.00" departLane="best" from="208642577#5" to="734406096#14"/>
    <trip id="veh794" type="veh_passenger" depart="0.00" departLane="best" from="4306021#10" to="622561171#1"/>
    <trip id="veh795" type="veh_passenger" depart="0.00" departLane="best" from="215312149#2" to="581959658#1"/>
    <trip id="veh797" type="veh_passenger" depart="0.00" departLane="best" from="715201470#16" to="658620790#2"/>
    <trip id="veh799" type="veh_passenger" depart="0.00" departLane="best" from="316166609#8" to="968328215#1"/>
    <trip id="veh800" type="veh_passenger" depart="0.00" departLane="best" from="46829235#1" to="658620787#1"/>
    <trip id="veh801" type="veh_passenger" depart="0.00" departLane="best" from="4768714#2" to="191523280#6"/>
    <trip id="veh802" type="veh_passenger" depart="0.00" departLane="best" departSpeed="max" from="540986973#0" to="5118207#3"/>
    <trip id="veh803" type="veh_passenger" depart="0.00" departLane="best" from="581959661#1" to="-255866964#0"/>
    <trip id="veh804" type="veh_passenger" depart="0.00" departLane="best" from="965116109#2" to="135953375#3"/>
    <trip id="veh805" type="veh_passenger" depart="0.00" departLane="best" from="-208554968#0" to="208506442#5"/>
    <trip id="veh807" type="veh_passenger" depart="0.00" departLane="best" departSpeed="max" from="24531077" to="711993455#0"/>
    <trip id="veh810" type="veh_passenger" depart="0.00" departLane="best" from="179614831#10" to="198715024#1"/>
    <trip id="veh811" type="veh_passenger" depart="0.00" departLane="best" from="208556977#3" to="581717496#2"/>
    <trip id="veh812" type="veh_passenger" depart="0.00" departLane="best" departSpeed="max" from="412569392#0" to="208506442#5"/>
    <trip id="veh814" type="veh_passenger" depart="0.00" departLane="best" from="208652071" to="208677469#3"/>
    <trip id="veh815" type="veh_passenger" depart="0.00" departLane="best" from="711989781#5" to="658620787#0"/>
    <trip id="veh816" type="veh_passenger" depart="0.00" departLane="best" from="569443031#1" to="61511890#0"/>
    <trip id="veh817" type="veh_passenger" depart="0.00" departLane="best" from="5072826#3" to="198005098#2"/>
    <trip id="veh818" type="veh_passenger" depart="0.00" departLane="best" from="207298910#0" to="4308557#20"/>
    <trip id="veh819" type="veh_passenger" depart="0.00" departLane="best" from="198994314#0" to="968469950#0"/>
    <trip id="veh820" type="veh_passenger" depart="0.00" departLane="best" from="208489244#9" to="207883950#1"/>
    <trip id="veh822" type="veh_passenger" depart="0.00" departLane="best" from="208554600#4" to="208643587#3"/>
    <trip id="veh823" type="veh_passenger" depart="0.00" departLane="best" from="963120895#1" to="715211379#7"/>
    <trip id="veh825" type="veh_passenger" depart="0.00" departLane="best" from="581959652#1" to="215318654#2"/>
    <trip id="veh827" type="veh_passenger" depart="0.00" departLane="best" from="968051658#1" to="715211394#22"/>
    <trip id="veh828" type="veh_passenger" depart="0.00" departLane="best" from="207884127" to="207883950#0"/>
    <trip id="veh829" type="veh_passenger" depart="0.00" departLane="best" from="622561170" to="208643582#5"/>
    <trip id="veh830" type="veh_passenger" depart="0.00" departLane="best" from="295476230#0" to="207460364#1"/>
    <trip id="veh831" type="veh_passenger" depart="0.00" departLane="best" from="4306021#30" to="963120897#2"/>
    <trip id="veh833" type="veh_passenger" depart="0.00" departLane="best" departSpeed="max" from="510732896#0" to="4768714#2"/>
    <trip id="veh835" type="veh_passenger" depart="0.00" departLane="best" departSpeed="max" from="412569392#0" to="569443031#3"/>
    <trip id="veh836" type="veh_passenger" depart="0.00" departLane="best" from="-963120887#5" to="237263156#0"/>
    <trip id="veh837" type="veh_passenger" depart="0.00" departLane="best" from="624720546" to="135952945#1"/>
    <trip id="veh838" type="veh_passenger" depart="0.00" departLane="best" from="711989781#1" to="-13908118#1"/>
    <trip id="veh839" type="veh_passenger" depart="0.00" departLane="best" from="4308557#1" to="963120895#1"/>
    <trip id="veh840" type="veh_passenger" depart="0.00" departLane="best" from="239137918#0" to="963120899#0"/>
    <trip id="veh842" type="veh_passenger" depart="0.00" departLane="best" from="198715025" to="968328213#2"/>
    <trip id="veh844" type="veh_passenger" depart="0.00" departLane="best" from="893221978" to="134621261#1"/>
    <trip id="veh845" type="veh_passenger" depart="0.00" departLane="best" from="46604404#1" to="412569390"/>
    <trip id="veh846" type="veh_passenger" depart="0.00" departLane="best" from="658620787#0" to="963120908#0"/>
    <trip id="veh847" type="veh_passenger" depart="0.00" departLane="best" from="958571813#1" to="197845905#12"/>
    <trip id="veh848" type="veh_passenger" depart="0.00" departLane="best" from="792868474#0" to="197845905#3"/>
    <trip id="veh850" type="veh_passenger" depart="0.00" departLane="best" from="963120897#1" to="968093378#2"/>
    <trip id="veh852" type="veh_passenger" depart="0.00" departLane="best" from="-14716364#0" to="46296013#2"/>
    <trip id="veh854" type="veh_passenger" depart="0.00" departLane="best" from="207883950#3" to="984863712#0"/>
    <trip id="veh855" type="veh_passenger" depart="0.00" departLane="best" from="4306021#7" to="323916050#7"/>
    <trip id="veh856" type="veh_passenger" depart="0.00" departLane="best" from="963120899#0" to="783044491#2"/>
    <trip id="veh858" type="veh_passenger" depart="0.00" departLane="best" from="13908118#1" to="190727196#5"/>
    <trip id="veh859" type="veh_passenger" depart="0.00" departLane="best" from="315229024#2" to="207516091#1"/>
    <trip id="veh860" type="veh_passenger" depart="0.00" departLane="best" from="198005098#4" to="664287431"/>
    <trip id="veh861" type="veh_passenger" depart="0.00" departLane="best" from="715181642#2" to="46296013#2"/>
    <trip id="veh862" type="veh_passenger" depart="0.00" departLane="best" from="69976421#1" to="197845905#2"/>
    <trip id="veh863" type="veh_passenger" depart="0.00" departLane="best" departSpeed="max" from="783061126#0" to="848742948#0"/>
    <trip id="veh864" type="veh_passenger" depart="0.00" departLane="best" from="734406094#1" to="386419592#0"/>
    <trip id="veh865" type="veh_passenger" depart="0.00" departLane="best" from="131724962#3" to="581959650#3"/>
    <trip id="veh866" type="veh_passenger" depart="0.00" departLane="best" from="198005098#2" to="179614831#3"/>
    <trip id="veh867" type="veh_passenger" depart="0.00" departLane="best" from="208556977#0" to="206507202#4"/>
    <trip id="veh868" type="veh_passenger" depart="0.00" departLane="best" from="207830040#4" to="199310502#5"/>
    <trip id="veh869" type="veh_passenger" depart="0.00" departLane="best" from="672401684#1" to="968051659#0"/>
    <trip id="veh870" type="veh_passenger" depart="0.00" departLane="best" from="208506442#10" to="658620787#2"/>
    <trip id="veh871" type="veh_passenger" depart="0.00" departLane="best" from="-16863761#1" to="576911615#1"/>
    <trip id="veh872" type="veh_passenger" depart="0.00" departLane="best" from="581976091" to="10541785#1"/>
    <trip id="veh873" type="veh_passenger" depart="0.00" departLane="best" from="14712362#1" to="208498196#2"/>
    <trip id="veh876" type="veh_passenger" depart="0.00" departLane="best" from="208506752#5" to="13907174#3"/>
    <trip id="veh881" type="veh_passenger" depart="0.00" departLane="best" from="25425692#3" to="4308541#1"/>
    <trip id="veh882" type="veh_passenger" depart="0.00" departLane="best" from="316166393#1" to="4306021#12"/>
    <trip id="veh884" type="veh_passenger" depart="0.00" departLane="best" from="207298910#1" to="69976421#1"/>
    <trip id="veh886" type="veh_passenger" depart="0.00" departLane="best" from="295476230#8" to="62106231#4"/>
    <trip id="veh887" type="veh_passenger" depart="0.00" departLane="best" departSpeed="max" from="131724934#0" to="460887416#2"/>
    <trip id="veh888" type="veh_passenger" depart="0.00" departLane="best" from="1010839938#1" to="4306021#7"/>
    <trip id="veh889" type="veh_passenger" depart="0.00" departLane="best" from="386419593" to="46305928#2"/>
    <trip id="veh890" type="veh_passenger" depart="0.00" departLane="best" departSpeed="max" from="187918256#0" to="208554968#2"/>
    <trip id="veh891" type="veh_passenger" depart="0.00" departLane="best" from="386878913#4" to="13858295#2"/>
    <trip id="veh894" type="veh_passenger" depart="0.00" departLane="best" from="386419596#2" to="296383969#7"/>
    <trip id="veh895" type="veh_passenger" depart="0.00" departLane="best" from="1007895021#1" to="30179566#1"/>
    <trip id="veh896" type="veh_passenger" depart="0.00" departLane="best" from="715211389#5" to="658620788#1"/>
    <trip id="veh898" type="veh_passenger" depart="0.00" departLane="best" departSpeed="max" from="665181106#0" to="46604404#2"/>
    <trip id="veh899" type="veh_passenger" depart="0.00" departLane="best" from="-746789182#1" to="208642577#5"/>
    <trip id="veh901" type="veh_passenger" depart="0.00" departLane="best" from="963120896#1" to="131724919#0"/>
    <trip id="veh902" type="veh_passenger" depart="0.00" departLane="best" from="963120895#1" to="-255866964#0"/>
    <trip id="veh903" type="veh_passenger" depart="0.00" departLane="best" departSpeed="max" from="24531077" to="711989783#2"/>
    <trip id="veh905" type="veh_passenger" depart="0.00" departLane="best" from="569443032#1" to="25425692#0"/>
    <trip id="veh908" type="veh_passenger" depart="0.00" departLane="best" departSpeed="max" from="217383024#0" to="581959669#1"/>
    <trip id="veh909" type="veh_passenger" depart="0.00" departLane="best" departSpeed="max" from="569718745#0" to="4306021#20"/>
    <trip id="veh910" type="veh_passenger" depart="0.00" departLane="best" from="569443033#2" to="208643585"/>
    <trip id="veh911" type="veh_passenger" depart="0.00" departLane="best" from="198005097#2" to="4306021#12"/>
    <trip id="veh912" type="veh_passenger" depart="0.00" departLane="best" departSpeed="max" from="412569392#0" to="658620803"/>
    <trip id="veh913" type="veh_passenger" depart="0.00" departLane="best" departSpeed="max" from="198994310#0" to="-13907174#1"/>
    <trip id="veh914" type="veh_passenger" depart="0.00" departLane="best" from="-208643582#3" to="208033309#4"/>
    <trip id="veh915" type="veh_passenger" depart="0.00" departLane="best" from="581959650#1" to="4306021#33"/>
    <trip id="veh917" type="veh_passenger" depart="0.00" departLane="best" from="207831780#1" to="963120914#0"/>
    <trip id="veh918" type="veh_passenger" depart="0.00" departLane="best" from="658620787#2" to="135953376#0"/>
    <trip id="veh919" type="veh_passenger" depart="0.00" departLane="best" from="715211394#13" to="25425328#1"/>
    <trip id="veh920" type="veh_passenger" depart="0.00" departLane="best" departSpeed="max" from="71079797#0" to="792868476#0"/>
    <trip id="veh921" type="veh_passenger" depart="0.00" departLane="best" from="-197845905#4" to="198559565#2"/>
    <trip id="veh922" type="veh_passenger" depart="0.00" departLane="best" from="135953375#21" to="-286827108#2"/>
    <trip id="veh923" type="veh_passenger" depart="0.00" departLane="best" from="505256328#1" to="62106231#3"/>
    <trip id="veh924" type="veh_passenger" depart="0.00" departLane="best" from="-848742942" to="664287433#2"/>
    <trip id="veh925" type="veh_passenger" depart="0.00" departLane="best" from="235931746#2" to="199310502#2"/>
    <trip id="veh926" type="veh_passenger" depart="0.00" departLane="best" from="198737812#5" to="787559039#0"/>
    <trip id="veh928" type="veh_passenger" depart="0.00" departLane="best" from="207883957#8" to="724454901#4"/>
    <trip id="veh929" type="veh_passenger" depart="0.00" departLane="best" from="658620806#1" to="208506752#4"/>
    <trip id="veh930" type="veh_passenger" depart="0.00" departLane="best" from="208555093#1" to="208489243#2"/>
    <trip id="veh932" type="veh_passenger" depart="0.00" departLane="best" departSpeed="max" from="198994310#0" to="208033309#4"/>
    <trip id="veh933" type="veh_passenger" depart="0.00" departLane="best" from="1007895022#2" to="968051639#3"/>
    <trip id="veh936" type="veh_passenger" depart="0.00" departLane="best" from="378406887#2" to="968328219#1"/>
    <trip id="veh938" type="veh_passenger" depart="0.00" departLane="best" from="712157728" to="208506752#4"/>
    <trip id="veh939" type="veh_passenger" depart="0.00" departLane="best" departSpeed="max" from="25428380#0" to="187918254#7"/>
    <trip id="veh940" type="veh_passenger" depart="0.00" departLane="best" from="316166609#4" to="783044491#2"/>
    <trip id="veh941" type="veh_passenger" depart="0.00" departLane="best" from="208498201#3" to="622561170"/>
    <trip id="veh942" type="veh_passenger" depart="0.00" departLane="best" from="715211389#12" to="958748540#0"/>
    <trip id="veh943" type="veh_passenger" depart="0.00" departLane="best" from="46296013#1" to="968328215#2"/>
    <trip id="veh946" type="veh_passenger" depart="0.00" departLane="best" from="569443032#1" to="963120890#4"/>
    <trip id="veh948" type="veh_passenger" depart="0.00" departLane="best" from="658620787#2" to="198005098#12"/>
    <trip id="veh949" type="veh_passenger" depart="0.00" departLane="best" from="207831636#0" to="581959658#1"/>
    <trip id="veh952" type="veh_passenger" depart="0.00" departLane="best" from="658620787#1" to="4308557#24"/>
    <trip id="veh953" type="veh_passenger" depart="0.00" departLane="best" from="323916050#13" to="787559039#2"/>
    <trip id="veh954" type="veh_passenger" depart="0.00" departLane="best" from="208642574#2" to="968093374#1"/>
    <trip id="veh955" type="veh_passenger" depart="0.00" departLane="best" from="-197845905#4" to="963120914#0"/>
    <trip id="veh956" type="veh_passenger" depart="0.00" departLane="best" from="968093374#8" to="13907174#3"/>
    <trip id="veh958" type="veh_passenger" depart="0.00" departLane="best" from="198715273#7" to="958748540#0"/>
    <trip id="veh959" type="veh_passenger" depart="0.00" departLane="best" from="217383025#4" to="387266159#1"/>
    <trip id="veh960" type="veh_passenger" depart="0.00" departLane="best" departSpeed="max" from="208793254#0" to="207516094#1"/>
    <trip id="veh961" type="veh_passenger" depart="0.00" departLane="best" from="386419596#2" to="33803215#1"/>
    <trip id="veh963" type="veh_passenger" depart="0.00" departLane="best" from="316166375#1" to="746789181"/>
    <trip id="veh964" type="veh_passenger" depart="0.00" departLane="best" from="958571814#1" to="208793255#4"/>
    <trip id="veh965" type="veh_passenger" depart="0.00" departLane="best" departSpeed="max" from="198994310#0" to="187918252#2"/>
    <trip id="veh966" type="veh_passenger" depart="0.00" departLane="best" from="207830040#4" to="963120899#0"/>
    <trip id="veh967" type="veh_passenger" depart="0.00" departLane="best" from="46829346#2" to="25424990#6"/>
    <trip id="veh969" type="veh_passenger" depart="0.00" departLane="best" from="217383025#3" to="734406096#3"/>
    <trip id="veh970" type="veh_passenger" depart="0.00" departLane="best" from="378406888#0" to="581717495#0"/>
    <trip id="veh971" type="veh_passenger" depart="0.00" departLane="best" from="581959665#2" to="207516091#1"/>
    <trip id="veh972" type="veh_passenger" depart="0.00" departLane="best" from="715611144#7" to="968328214#7"/>
    <trip id="veh973" type="veh_passenger" depart="0.00" departLane="best" from="556168190#2" to="323916050#12"/>
    <trip id="veh974" type="veh_passenger" depart="0.00" departLane="best" from="197845905#3" to="715211379#4"/>
    <trip id="veh975" type="veh_passenger" depart="0.00" departLane="best" from="197845905#5" to="658620781"/>
    <trip id="veh976" type="veh_passenger" depart="0.00" departLane="best" from="33803215#8" to="958993593#0"/>
    <trip id="veh977" type="veh_passenger" depart="0.00" departLane="best" from="4306021#5" to="569443032#2"/>
    <trip id="veh979" type="veh_passenger" depart="0.00" departLane="best" from="581717496#2" to="711989781#1"/>
    <trip id="veh980" type="veh_passenger" depart="0.00" departLane="best" from="24706226#1" to="767384958#0"/>
    <trip id="veh981" type="veh_passenger" depart="0.00" departLane="best" from="199429372#3" to="622561169"/>
    <trip id="veh985" type="veh_passenger" depart="0.00" departLane="best" from="323916051#3" to="316166613#3"/>
    <trip id="veh988" type="veh_passenger" depart="0.00" departLane="best" from="-208498201#3" to="715611144#5"/>
    <trip id="veh989" type="veh_passenger" depart="0.00" departLane="best" from="931222616#1" to="135953375#21"/>
    <trip id="veh990" type="veh_passenger" depart="0.00" departLane="best" departSpeed="max" from="134621885#0" to="187918254#4"/>
    <trip id="veh991" type="veh_passenger" depart="0.00" departLane="best" from="715211394#5" to="207830040#4"/>
    <trip id="veh994" type="veh_passenger" depart="0.00" departLane="best" from="984870585" to="198737801#4"/>
    <trip id="veh995" type="veh_passenger" depart="0.00" departLane="best" from="581959665#1" to="783044491#1"/>
    <trip id="veh997" type="veh_passenger" depart="0.00" departLane="best" departSpeed="max" from="70811699#0" to="134621272#2"/>
    <trip id="veh998" type="veh_passenger" depart="0.00" departLane="best" from="217383025#3" to="4308541#8"/>
    <trip id="veh1000" type="veh_passenger" depart="0.00" departLane="best" from="197979802#2" to="33803215#8"/>
    <trip id="veh1001" type="veh_passenger" depart="0.00" departLane="best" from="279989327#7" to="715181642#4"/>
    <trip id="veh1003" type="veh_passenger" depart="0.00" departLane="best" departSpeed="max" from="134621885#0" to="386419596#6"/>
    <trip id="veh1004" type="veh_passenger" depart="0.00" departLane="best" from="-663086768" to="198715025"/>
    <trip id="veh1006" type="veh_passenger" depart="0.00" departLane="best" from="316166613#1" to="-7674139"/>
    <trip id="veh1007" type="veh_passenger" depart="0.00" departLane="best" from="131724919#0" to="963120893#2"/>
    <trip id="veh1008" type="veh_passenger" depart="0.00" departLane="best" from="8038155#3" to="458387034"/>
    <trip id="veh1009" type="veh_passenger" depart="0.00" departLane="best" from="-28519847#0" to="963120893#5"/>
    <trip id="veh1010" type="veh_passenger" depart="0.00" departLane="best" from="208554600#2" to="968093378#1"/>
    <trip id="veh1012" type="veh_passenger" depart="0.00" departLane="best" departSpeed="max" from="131724934#0" to="190727196#5"/>
    <trip id="veh1014" type="veh_passenger" depart="0.00" departLane="best" from="218688446#4" to="848742947#1"/>
    <trip id="veh1019" type="veh_passenger" depart="0.00" departLane="best" from="28905212" to="741754568#1"/>
    <trip id="veh1020" type="veh_passenger" depart="0.00" departLane="best" from="208643587#4" to="711989783#2"/>
    <trip id="veh1023" type="veh_passenger" depart="0.00" departLane="best" from="207831779#1" to="984870585"/>
    <trip id="veh1028" type="veh_passenger" depart="0.00" departLane="best" from="715201470#19" to="62260822#2"/>
    <trip id="veh1030" type="veh_passenger" depart="0.00" departLane="best" from="622561168#0" to="556168190#0"/>
    <trip id="veh1031" type="veh_passenger" depart="0.00" departLane="best" from="664287432#1" to="208506752#2"/>
    <trip id="veh1032" type="veh_passenger" depart="0.00" departLane="best" from="135953376#0" to="-13908118#1"/>
    <trip id="veh1033" type="veh_passenger" depart="0.00" departLane="best" from="207831778#0" to="16862739#1"/>
    <trip id="veh1034" type="veh_passenger" depart="0.00" departLane="best" from="198005098#5" to="295476230#1"/>
    <trip id="veh1035" type="veh_passenger" depart="0.00" departLane="best" from="4308557#24" to="22820239#2"/>
    <trip id="veh1037" type="veh_passenger" depart="0.00" departLane="best" departSpeed="max" from="134621885#0" to="505256327#1"/>
    <trip id="veh1038" type="veh_passenger" depart="0.00" departLane="best" from="208556977#1" to="217383025#3"/>
    <trip id="veh1039" type="veh_passenger" depart="0.00" departLane="best" from="208489241#6" to="217383026#1"/>
    <trip id="veh1042" type="veh_passenger" depart="0.00" departLane="best" from="46314207" to="191523280#5"/>
    <trip id="veh1043" type="veh_passenger" depart="0.00" departLane="best" from="217383025#4" to="179614831#1"/>
    <trip id="veh1044" type="veh_passenger" depart="0.00" departLane="best" from="208505379#2" to="323916050#5"/>
    <trip id="veh1045" type="veh_passenger" depart="0.00" departLane="best" from="108715490#1" to="28519847#0"/>-->
</routes>
