6,0
6,0
7,0
8,0
8,0
8,0
9,0
9,0
9,0
10,0
10,0
10,0
10,0
10,0
10,0
11,0
11,0
11,0
11,0
12,0
12,0
12,0
12,0
12,0
12,0
13,0
14,0
14,0
14,0
14,0
14,0
15,0
15,0
15,0
15,0
15,0
15,0
15,0
16,0
16,0
16,0
16,0
16,0
16,0
16,0
16,0
16,0
17,0
17,0
17,0
17,0
17,0
17,0
17,0
17,0
18,0
18,0
18,0
18,0
18,0
18,0
18,0
18,0
18,0
18,0
18,0
19,0
19,0
19,0
19,0
20,0
20,0
20,0
20,0
20,0
20,0
20,0
20,0
20,0
21,0
21,0
21,0
21,0
21,0
21,0
21,0
22,0
22,0
22,0
22,0
22,0
22,0
22,0
22,0
22,0
23,0
23,0
23,0
23,0
23,0
23,0
23,0
23,0
24,0
24,0
24,0
24,0
24,0
24,0
24,0
24,0
24,0
24,0
24,0
25,0
25,0
25,0
25,0
26,0
26,0
26,0
26,0
26,0
26,0
26,0
26,0
26,0
27,0
27,0
27,0
27,0
27,0
27,0
27,0
28,0
28,0
28,0
28,0
28,0
28,0
28,0
28,0
28,0
29,0
29,0
29,0
29,0
29,0
29,0
29,0
29,0
30,0
30,0
30,0
30,0
30,0
30,0
30,0
30,0
30,0
30,0
30,0
31,0
31,0
31,0
31,0
32,0
32,0
32,0
32,0
32,0
32,0
32,0
32,0
32,0
33,0
33,0
33,0
33,0
33,0
33,0
33,0
34,0
34,0
34,0
34,0
34,0
34,0
34,0
34,0
34,0
35,0
35,0
35,0
35,0
35,0
35,0
35,0
35,0
36,0
36,0
36,0
36,0
36,0
36,0
36,0
36,0
36,0
36,0
36,0
37,0
37,0
37,0
37,0
38,0
38,0
38,0
38,0
38,0
38,0
38,0
38,0
38,0
39,0
39,0
39,0
39,0
39,0
39,0
39,0
40,0
40,0
40,0
40,0
40,0
40,0
40,0
40,0
40,0
41,0
41,0
41,0
41,0
41,0
41,0
41,0
41,0
42,0
42,0
42,0
42,0
42,0
42,0
42,0
42,0
42,0
42,0
42,0
43,0
43,0
43,0
43,0
44,0
44,0
44,0
44,0
44,0
44,0
44,0
44,0
44,0
45,0
45,0
45,0
45,0
45,0
45,0
45,0
46,0
46,0
46,0
46,0
46,0
46,0
46,0
46,0
46,0
47,0
47,0
47,0
47,0
47,0
47,0
47,0
47,0
48,0
48,0
48,0
48,0
48,0
48,0
48,0
48,0
48,0
48,0
48,0
49,0
49,0
49,0
49,0
50,0
50,0
50,0
50,0
50,0
50,0
50,0
50,0
50,0
51,0
51,0
51,0
51,0
51,0
51,0
51,0
52,0
52,0
52,0
52,0
52,0
52,0
52,0
52,0
52,0
53,0
53,0
53,0
53,0
53,0
53,0
53,0
53,0
54,0
54,0
54,0
54,0
54,0
54,0
54,0
54,0
54,0
54,0
54,0
55,0
55,0
55,0
55,0
56,0
56,0
56,0
56,0
56,0
56,0
56,0
56,0
56,0
57,0
57,0
57,0
57,0
57,0
57,0
57,0
58,0
58,0
58,0
58,0
58,0
58,0
58,0
58,0
58,0
59,0
59,0
59,0
59,0
59,0
59,0
59,0
59,0
60,0
60,0
60,0
60,0
60,0
60,0
60,0
60,0
60,0
60,0
60,0
61,0
61,0
61,0
61,0
62,0
62,0
62,0
62,0
62,0
62,0
62,0
62,0
62,0
63,0
63,0
63,0
63,0
63,0
63,0
63,0
64,0
64,0
64,0
64,0
64,0
64,0
64,0
64,0
64,0
65,0
65,0
65,0
65,0
65,0
65,0
65,0
65,0
66,0
66,0
66,0
66,0
66,0
66,0
66,0
66,0
66,0
66,0
66,0
66,0
66,0
67,0
67,0
67,0
67,0
68,0
68,0
68,0
68,0
68,0
68,0
68,0
69,0
69,0
69,0
69,0
69,0
69,0
69,0
69,0
70,0
70,0
70,0
70,0
70,0
70,0
70,0
70,0
70,0
70,0
71,0
71,0
71,0
71,0
71,0
71,0
72,0
72,0
72,0
72,0
72,0
72,0
72,0
72,0
72,0
72,0
72,0
72,0
72,0
73,0
73,0
73,0
73,0
73,0
73,0
73,0
73,0
74,0
74,0
74,0
74,0
74,0
74,0
74,0
74,0
74,0
75,0
75,0
75,0
75,0
75,0
76,0
76,0
76,0
76,0
76,0
76,0
76,0
76,0
77,0
77,0
77,0
77,0
77,0
77,0
78,0
78,0
78,0
78,0
78,0
78,0
78,0
78,0
78,0
78,0
78,0
78,0
78,0
79,0
79,0
79,0
79,0
79,0
79,0
79,0
79,0
79,0
79,0
80,0
80,0
80,0
80,0
80,0
80,0
81,0
81,0
81,0
81,0
81,0
82,0
82,0
82,0
82,0
82,0
82,0
82,0
82,0
83,0
83,0
83,0
83,0
83,0
83,0
84,0
84,0
84,0
84,0
84,0
84,0
84,0
84,0
84,0
84,0
84,0
84,0
84,0
85,0
85,0
85,0
85,0
85,0
85,0
85,0
85,0
85,0
85,0
86,0
86,0
86,0
86,0
86,0
86,0
87,0
87,0
87,0
87,0
87,0
88,0
88,0
88,0
88,0
88,0
88,0
88,0
88,0
89,0
89,0
89,0
89,0
89,0
89,0
90,0
90,0
90,0
90,0
90,0
90,0
90,0
90,0
90,0
90,0
90,0
90,0
90,0
91,0
91,0
91,0
91,0
91,0
91,0
91,0
91,0
91,0
91,0
92,0
92,0
92,0
92,0
92,0
92,0
93,0
93,0
93,0
93,0
93,0
94,0
94,0
94,0
94,0
94,0
94,0
94,0
94,0
95,0
95,0
95,0
95,0
95,0
95,0
96,0
96,0
96,0
96,0
96,0
96,0
96,0
96,0
96,0
96,0
96,0
96,0
96,0
97,0
97,0
97,0
97,0
97,0
97,0
97,0
97,0
97,0
97,0
98,0
98,0
98,0
98,0
98,0
98,0
99,0
99,0
99,0
99,0
99,0
100,0
100,0
100,0
100,0
100,0
100,0
100,0
100,0
101,0
101,0
101,0
101,0
101,0
101,0
102,0
102,0
102,0
102,0
102,0
102,0
102,0
102,0
102,0
102,0
102,0
102,0
102,0
103,0
103,0
103,0
103,0
103,0
103,0
103,0
103,0
103,0
103,0
104,0
104,0
104,0
104,0
104,0
104,0
105,0
105,0
105,0
105,0
105,0
106,0
106,0
106,0
106,0
106,0
106,0
106,0
106,0
107,0
107,0
107,0
107,0
107,0
107,0
108,0
108,0
108,0
108,0
108,0
108,0
108,0
108,0
108,0
108,0
108,0
108,0
108,0
109,0
109,0
109,0
109,0
109,0
109,0
109,0
109,0
109,0
109,0
110,0
110,0
110,0
110,0
110,0
110,0
111,0
111,0
111,0
111,0
111,0
112,0
112,0
112,0
112,0
112,0
112,0
112,0
112,0
113,0
113,0
113,0
113,0
113,0
113,0
114,0
114,0
114,0
114,0
114,0
114,0
114,0
114,0
114,0
114,0
114,0
114,0
114,0
115,0
115,0
115,0
115,0
115,0
115,0
115,0
115,0
115,0
115,0
116,0
116,0
116,0
116,0
116,0
116,0
117,0
117,0
117,0
117,0
117,0
118,0
118,0
118,0
118,0
118,0
118,0
118,0
118,0
119,0
119,0
119,0
119,0
119,0
119,0
120,0
120,0
120,0
120,0
120,0
120,0
120,0
120,0
120,0
120,0
120,0
120,0
120,0
121,0
121,0
121,0
121,0
121,0
121,0
121,0
121,0
121,0
121,0
122,0
122,0
122,0
122,0
122,0
122,0
123,0
123,0
123,0
123,0
123,0
124,0
124,0
124,0
124,0
124,0
124,0
124,0
124,0
125,0
125,0
125,0
125,0
125,0
125,0
126,0
126,0
126,0
126,0
126,0
126,0
126,0
126,0
126,0
126,0
126,0
126,0
126,0
127,0
127,0
127,0
127,0
127,0
127,0
127,0
127,0
127,0
127,0
127,0
127,0
127,0
127,0
127,0
127,0
127,0
128,0
128,0
128,0
128,0
128,0
128,0
128,0
129,0
129,0
130,0
130,0
130,0
130,0
130,0
130,0
131,0
131,0
131,0
131,0
131,0
131,0
131,0
131,0
132,0
132,0
132,0
132,0
132,0
132,0
132,0
132,0
132,0
132,0
132,0
133,0
133,0
133,0
133,0
133,0
133,0
133,0
133,0
133,0
133,0
133,0
133,0
133,0
133,0
134,0
134,0
134,0
134,0
134,0
134,0
134,0
135,0
135,0
135,0
136,0
136,0
136,0
136,0
136,0
136,0
136,0
136,0
137,0
137,0
137,0
137,0
137,0
137,0
137,0
138,0
138,0
138,0
138,0
138,0
138,0
138,0
138,0
139,0
139,0
139,0
139,0
139,0
139,0
139,0
139,0
139,0
139,0
139,0
140,0
140,0
140,0
140,0
140,0
140,0
140,0
140,0
140,0
140,0
140,0
141,0
141,0
141,0
142,0
142,0
142,0
142,0
142,0
142,0
142,0
142,0
143,0
143,0
143,0
143,0
143,0
143,0
143,0
144,0
144,0
144,0
144,0
144,0
144,0
144,0
144,0
145,0
145,0
145,0
145,0
145,0
145,0
145,0
145,0
145,0
145,0
145,0
146,0
146,0
146,0
146,0
146,0
146,0
146,0
146,0
146,0
146,0
146,0
147,0
147,0
147,0
148,0
148,0
148,0
148,0
148,0
148,0
148,0
148,0
149,0
149,0
149,0
149,0
149,0
149,0
149,0
150,0
150,0
150,0
150,0
150,0
150,0
150,0
150,0
151,0
151,0
151,0
151,0
151,0
151,0
151,0
151,0
151,0
151,0
151,0
152,0
152,0
152,0
152,0
152,0
152,0
152,0
152,0
152,0
152,0
152,0
153,0
153,0
153,0
154,0
154,0
154,0
154,0
154,0
154,0
154,0
154,0
155,0
155,0
155,0
155,0
155,0
155,0
155,0
156,0
156,0
156,0
156,0
156,0
156,0
156,0
156,0
157,0
157,0
157,0
157,0
157,0
157,0
157,0
157,0
157,0
157,0
157,0
158,0
158,0
158,0
158,0
158,0
158,0
158,0
158,0
158,0
158,0
158,0
159,0
159,0
159,0
160,0
160,0
160,0
160,0
160,0
160,0
160,0
160,0
161,0
161,0
161,0
161,0
161,0
161,0
161,0
162,0
162,0
162,0
162,0
162,0
162,0
162,0
162,0
163,0
163,0
163,0
163,0
163,0
163,0
163,0
163,0
163,0
163,0
163,0
164,0
164,0
164,0
164,0
164,0
164,0
164,0
164,0
164,0
164,0
164,0
165,0
165,0
165,0
166,0
166,0
166,0
166,0
166,0
166,0
166,0
166,0
167,0
167,0
167,0
167,0
167,0
167,0
167,0
168,0
168,0
168,0
168,0
168,0
168,0
168,0
168,0
169,0
169,0
169,0
169,0
169,0
169,0
169,0
169,0
169,0
169,0
169,0
170,0
170,0
170,0
170,0
170,0
170,0
170,0
170,0
170,0
170,0
170,0
171,0
171,0
171,0
172,0
172,0
172,0
172,0
172,0
172,0
172,0
172,0
173,0
173,0
173,0
173,0
173,0
173,0
173,0
174,0
174,0
174,0
174,0
174,0
174,0
174,0
174,0
175,0
175,0
175,0
175,0
175,0
175,0
175,0
175,0
175,0
175,0
175,0
176,0
176,0
176,0
176,0
176,0
176,0
176,0
176,0
176,0
176,0
176,0
177,0
177,0
177,0
178,0
178,0
178,0
178,0
178,0
178,0
178,0
178,0
179,0
179,0
179,0
179,0
179,0
179,0
179,0
180,0
180,0
180,0
180,0
180,0
180,0
180,0
180,0
181,0
181,0
181,0
181,0
181,0
181,0
181,0
181,0
181,0
181,0
181,0
182,0
182,0
182,0
182,0
182,0
182,0
182,0
182,0
182,0
182,0
182,0
183,0
183,0
183,0
184,0
184,0
184,0
184,0
184,0
184,0
184,0
184,0
185,0
185,0
185,0
185,0
185,0
185,0
185,0
186,0
186,0
186,0
186,0
186,0
186,0
187,0
187,0
187,0
187,0
187,0
187,0
188,0
188,0
188,0
188,0
188,0
188,0
188,0
188,0
188,0
188,0
188,0
188,0
188,0
189,0
189,0
189,0
189,0
189,0
190,0
190,0
190,0
190,0
190,0
191,0
191,0
191,0
191,0
191,0
191,0
192,0
192,0
192,0
192,0
192,0
192,0
192,0
193,0
193,0
193,0
193,0
193,0
193,0
193,0
193,0
193,0
193,0
194,0
194,0
194,0
194,0
194,0
194,0
194,0
194,0
194,0
194,0
194,0
195,0
195,0
195,0
195,0
195,0
195,0
196,0
196,0
196,0
196,0
196,0
197,0
197,0
197,0
197,0
197,0
197,0
197,0
197,0
197,0
197,0
197,0
198,0
198,0
198,0
198,0
198,0
199,0
199,0
199,0
199,0
199,0
199,0
199,0
199,0
199,0
199,0
199,0
199,0
200,0
200,0
200,0
200,0
200,0
200,0
200,0
200,0
200,0
201,0
201,0
201,0
201,0
201,0
201,0
202,0
202,0
202,0
202,0
202,0
203,0
203,0
203,0
203,0
203,0
203,0
203,0
203,0
203,0
203,0
203,0
204,0
204,0
204,0
204,0
204,0
205,0
205,0
205,0
205,0
205,0
205,0
205,0
205,0
205,0
205,0
205,0
205,0
206,0
206,0
206,0
206,0
206,0
206,0
206,0
206,0
206,0
207,0
207,0
207,0
207,0
207,0
207,0
208,0
208,0
208,0
208,0
208,0
209,0
209,0
209,0
209,0
209,0
209,0
209,0
209,0
209,0
209,0
209,0
210,0
210,0
210,0
210,0
210,0
211,0
211,0
211,0
211,0
211,0
211,0
211,0
211,0
211,0
211,0
211,0
211,0
212,0
212,0
212,0
212,0
212,0
212,0
212,0
212,0
212,0
213,0
213,0
213,0
213,0
213,0
213,0
214,0
214,0
214,0
214,0
214,0
215,0
215,0
215,0
215,0
215,0
215,0
215,0
215,0
215,0
215,0
215,0
216,0
216,0
216,0
216,0
216,0
217,0
217,0
217,0
217,0
217,0
217,0
217,0
217,0
217,0
217,0
217,0
217,0
218,0
218,0
218,0
218,0
218,0
218,0
218,0
218,0
218,0
219,0
219,0
219,0
219,0
219,0
219,0
220,0
220,0
220,0
220,0
220,0
221,0
221,0
221,0
221,0
221,0
221,0
221,0
221,0
221,0
221,0
221,0
222,0
222,0
222,0
222,0
222,0
223,0
223,0
223,0
223,0
223,0
223,0
223,0
223,0
223,0
223,0
223,0
223,0
224,0
224,0
224,0
224,0
224,0
224,0
224,0
224,0
224,0
225,0
225,0
225,0
225,0
225,0
225,0
226,0
226,0
226,0
226,0
226,0
227,0
227,0
227,0
227,0
227,0
227,0
227,0
227,0
227,0
227,0
227,0
228,0
228,0
228,0
228,0
228,0
229,0
229,0
229,0
229,0
229,0
229,0
229,0
229,0
229,0
229,0
229,0
229,0
230,0
230,0
230,0
230,0
230,0
230,0
230,0
230,0
230,0
231,0
231,0
231,0
231,0
231,0
231,0
232,0
232,0
232,0
232,0
232,0
233,0
233,0
233,0
233,0
233,0
233,0
233,0
233,0
233,0
233,0
233,0
234,0
234,0
234,0
234,0
234,0
235,0
235,0
235,0
235,0
235,0
235,0
235,0
235,0
235,0
235,0
235,0
235,0
236,0
236,0
236,0
236,0
236,0
236,0
236,0
236,0
236,0
237,0
237,0
237,0
237,0
237,0
237,0
238,0
238,0
238,0
238,0
238,0
239,0
239,0
239,0
239,0
239,0
239,0
239,0
239,0
239,0
239,0
239,0
240,0
240,0
240,0
240,0
240,0
241,0
241,0
241,0
241,0
241,0
241,0
241,0
241,0
241,0
241,0
241,0
241,0
242,0
242,0
242,0
242,0
242,0
242,0
242,0
242,0
242,0
243,0
243,0
243,0
243,0
243,0
243,0
244,0
244,0
244,0
244,0
244,0
245,0
245,0
245,0
245,0
245,0
245,0
245,0
245,0
245,0
245,0
245,0
246,0
246,0
246,0
246,0
246,0
247,0
247,0
247,0
247,0
247,0
247,0
247,0
247,0
247,0
247,0
247,0
247,0
248,0
248,0
248,0
248,0
248,0
248,0
248,0
248,0
249,0
249,0
249,0
249,0
249,0
249,0
249,0
250,0
250,0
250,0
250,0
251,0
251,0
251,0
251,0
251,0
251,0
251,0
251,0
251,0
251,0
251,0
252,0
252,0
252,0
252,0
252,0
252,0
253,0
253,0
253,0
253,0
253,0
253,0
253,0
253,0
254,0
254,0
254,0
254,0
254,0
254,0
254,0
254,0
254,0
255,0
255,0
255,0
255,0
255,0
255,0
255,0
256,0
256,0
256,0
256,0
256,0
256,0
256,0
256,0
257,0
257,0
257,0
257,0
257,0
257,0
257,0
257,0
257,0
258,0
258,0
258,0
258,0
258,0
258,0
258,0
259,0
259,0
259,0
259,0
259,0
259,0
260,0
260,0
260,0
260,0
260,0
260,0
260,0
260,0
260,0
260,0
260,0
261,0
261,0
261,0
261,0
261,0
261,0
261,0
262,0
262,0
262,0
262,0
262,0
262,0
262,0
262,0
263,0
263,0
263,0
263,0
263,0
263,0
263,0
263,0
263,0
264,0
264,0
264,0
264,0
264,0
264,0
264,0
265,0
265,0
265,0
265,0
265,0
265,0
266,0
266,0
266,0
266,0
266,0
266,0
266,0
266,0
266,0
266,0
266,0
267,0
267,0
267,0
267,0
267,0
267,0
267,0
268,0
268,0
268,0
268,0
268,0
268,0
268,0
268,0
269,0
269,0
269,0
269,0
269,0
269,0
269,0
269,0
269,0
270,0
270,0
270,0
270,0
270,0
270,0
270,0
271,0
271,0
271,0
271,0
271,0
271,0
272,0
272,0
272,0
272,0
272,0
272,0
272,0
272,0
272,0
272,0
272,0
273,0
273,0
273,0
273,0
273,0
273,0
273,0
274,0
274,0
274,0
274,0
274,0
274,0
274,0
274,0
275,0
275,0
275,0
275,0
275,0
275,0
275,0
275,0
275,0
276,0
276,0
276,0
276,0
276,0
276,0
276,0
277,0
277,0
277,0
277,0
277,0
277,0
278,0
278,0
278,0
278,0
278,0
278,0
278,0
278,0
278,0
278,0
278,0
279,0
279,0
279,0
279,0
279,0
279,0
279,0
280,0
280,0
280,0
280,0
280,0
280,0
280,0
280,0
281,0
281,0
281,0
281,0
281,0
281,0
281,0
281,0
281,0
282,0
282,0
282,0
282,0
282,0
282,0
282,0
283,0
283,0
283,0
283,0
283,0
283,0
284,0
284,0
284,0
284,0
284,0
284,0
284,0
284,0
284,0
284,0
284,0
285,0
285,0
285,0
285,0
285,0
285,0
285,0
286,0
286,0
286,0
286,0
286,0
286,0
286,0
286,0
287,0
287,0
287,0
287,0
287,0
287,0
287,0
287,0
287,0
288,0
288,0
288,0
288,0
288,0
288,0
288,0
289,0
289,0
289,0
289,0
289,0
289,0
290,0
290,0
290,0
290,0
290,0
290,0
290,0
290,0
290,0
290,0
290,0
291,0
291,0
291,0
291,0
291,0
291,0
291,0
292,0
292,0
292,0
292,0
292,0
292,0
292,0
292,0
293,0
293,0
293,0
293,0
293,0
293,0
293,0
293,0
293,0
294,0
294,0
294,0
294,0
294,0
294,0
294,0
295,0
295,0
295,0
295,0
295,0
295,0
296,0
296,0
296,0
296,0
296,0
296,0
296,0
296,0
296,0
296,0
296,0
297,0
297,0
297,0
297,0
297,0
297,0
297,0
298,0
298,0
298,0
298,0
298,0
298,0
298,0
298,0
299,0
299,0
299,0
299,0
299,0
299,0
299,0
299,0
299,0
300,0
300,0
300,0
300,0
300,0
300,0
300,0
301,1
301,1
301,1
301,1
301,1
301,1
302,1
302,1
302,1
302,1
302,1
302,1
302,1
302,1
302,1
302,1
302,1
303,1
303,1
303,1
303,1
303,1
303,1
303,1
304,1
304,1
304,1
304,1
304,1
304,1
304,1
304,1
305,3
305,3
305,3
305,3
305,3
305,3
305,3
305,3
305,3
306,5
306,5
306,5
306,5
306,5
306,5
306,5
306,5
306,5
306,5
306,5
307,6
307,6
307,6
307,6
307,6
307,6
307,6
307,6
308,6
308,6
308,6
308,6
308,6
308,6
308,6
308,6
308,6
308,6
308,6
308,6
309,6
309,6
309,6
309,6
309,6
309,6
310,6
310,6
310,6
310,6
310,6
310,6
310,6
310,6
310,6
310,6
311,6
311,6
311,6
311,6
311,6
311,6
311,6
311,6
311,6
311,6
311,6
312,6
312,6
312,6
312,6
312,6
312,6
312,6
312,6
312,6
312,6
313,6
313,6
313,6
313,6
313,6
313,6
313,6
313,6
313,6
313,6
314,6
314,6
314,6
314,6
314,6
314,6
314,6
314,6
314,6
314,6
314,6
314,6
315,6
315,6
315,6
315,6
315,6
316,6
316,6
316,6
316,6
317,6
317,6
317,6
317,6
317,6
317,6
317,6
318,6
318,6
318,6
318,6
318,6
318,6
318,6
318,6
318,6
318,6
319,6
319,6
319,6
319,6
319,6
319,6
319,6
319,6
319,6
319,6
319,6
320,6
320,6
320,6
320,6
320,6
320,6
320,6
320,6
320,6
320,6
320,6
321,6
321,6
321,6
321,6
321,6
322,6
322,6
322,6
322,6
323,6
323,6
323,6
323,6
323,6
323,6
323,6
324,6
324,6
324,6
324,6
324,6
324,6
324,6
324,6
324,6
324,6
325,6
325,6
325,6
325,6
325,6
325,6
325,6
325,6
325,6
325,6
325,6
326,6
326,6
326,6
326,6
326,6
326,6
326,6
326,6
326,6
326,6
326,6
327,6
327,6
327,6
327,6
327,6
328,6
328,6
328,6
328,6
329,6
329,6
329,6
329,6
329,6
329,6
329,6
330,6
330,6
330,6
330,6
330,6
330,6
330,6
330,6
330,6
330,6
331,6
331,6
331,6
331,6
331,6
331,6
331,6
331,6
331,6
331,6
331,6
332,6
332,6
332,6
332,6
332,6
332,6
332,6
332,6
332,6
332,6
332,6
333,6
333,6
333,6
333,6
333,6
334,6
334,6
334,6
334,6
335,6
335,6
335,6
335,6
335,6
335,6
335,6
336,6
336,6
336,6
336,6
336,6
336,6
336,6
336,6
336,6
336,6
337,6
337,6
337,6
337,6
337,6
337,6
337,6
337,6
337,6
337,6
337,6
338,6
338,6
338,6
338,6
338,6
338,6
338,6
338,6
338,6
338,6
338,6
339,6
339,6
339,6
339,6
339,6
340,6
340,6
340,6
340,6
341,6
341,6
341,6
341,6
341,6
341,6
341,6
342,6
342,6
342,6
342,6
342,6
342,6
342,6
342,6
342,6
342,6
343,6
343,6
343,6
343,6
343,6
343,6
343,6
343,6
343,6
343,6
343,6
344,6
344,6
344,6
344,6
344,6
344,6
344,6
344,6
344,6
344,6
344,6
345,6
345,6
345,6
345,6
345,6
346,6
346,6
346,6
346,6
347,6
347,6
347,6
347,6
347,6
347,6
347,6
348,6
348,6
348,6
348,6
348,6
348,6
348,6
348,6
348,6
348,6
349,6
349,6
349,6
349,6
349,6
349,6
349,6
349,6
349,6
349,6
349,6
350,6
350,6
350,6
350,6
350,6
350,6
350,6
350,6
350,6
350,6
350,6
351,6
351,6
351,6
351,6
351,6
352,6
352,6
352,6
352,6
353,6
353,6
353,6
353,6
353,6
353,6
353,6
354,6
354,6
354,6
354,6
354,6
354,6
354,6
354,6
354,6
354,6
355,6
355,6
355,6
355,6
355,6
355,6
355,6
355,6
355,6
355,6
355,6
356,6
356,6
356,6
356,6
356,6
356,6
356,6
356,6
356,6
356,6
356,6
357,6
357,6
357,6
357,6
357,6
358,6
358,6
358,6
358,6
359,6
359,6
359,6
359,6
359,6
359,6
359,6
360,6
360,6
360,6
360,6
360,6
360,6
360,6
360,6
360,6
360,6
361,6
361,6
361,6
361,6
361,6
361,6
361,6
361,6
361,6
361,6
361,6
362,6
362,6
362,6
362,6
362,6
362,6
362,6
362,6
362,6
362,6
362,6
363,6
363,6
363,6
363,6
363,6
364,6
364,6
364,6
364,6
365,6
365,6
365,6
365,6
365,6
365,6
365,6
366,6
366,6
366,6
366,6
366,6
366,6
367,6
367,6
367,6
367,6
367,6
367,6
367,6
367,6
367,6
368,6
368,6
368,6
368,6
368,6
368,6
368,6
368,6
368,6
369,6
369,6
369,6
369,6
369,6
369,6
370,6
371,6
371,6
371,6
371,6
371,6
372,6
372,6
372,6
372,6
372,6
372,6
372,6
373,6
373,6
373,6
373,6
373,6
373,6
373,6
373,6
373,6
373,6
373,6
373,6
374,6
374,6
374,6
374,6
374,6
374,6
374,6
375,6
375,6
375,6
375,6
375,6
375,6
375,6
375,6
375,6
376,6
376,6
376,6
376,6
377,6
377,6
377,6
377,6
377,6
377,6
377,6
377,6
378,6
378,6
378,6
378,6
378,6
378,6
378,6
378,6
378,6
379,6
379,6
379,6
379,6
379,6
379,6
379,6
379,6
379,6
379,6
379,6
379,6
379,6
380,6
380,6
380,6
380,6
380,6
381,6
381,6
381,6
381,6
381,6
381,6
381,6
381,6
381,6
382,6
382,6
382,6
382,6
383,6
383,6
383,6
383,6
383,6
383,6
383,6
383,6
384,6
384,6
384,6
384,6
384,6
384,6
384,6
384,6
384,6
385,6
385,6
385,6
385,6
385,6
385,6
385,6
385,6
385,6
385,6
385,6
385,6
385,6
386,6
386,6
386,6
386,6
386,6
387,6
387,6
387,6
387,6
387,6
387,6
387,6
387,6
387,6
388,6
388,6
388,6
388,6
389,6
389,6
389,6
389,6
389,6
389,6
389,6
389,6
390,6
390,6
390,6
390,6
390,6
390,6
390,6
390,6
390,6
391,6
391,6
391,6
391,6
391,6
391,6
391,6
391,6
391,6
391,6
391,6
391,6
391,6
392,6
392,6
392,6
392,6
392,6
393,6
393,6
393,6
393,6
393,6
393,6
393,6
393,6
393,6
394,6
394,6
394,6
394,6
395,6
395,6
395,6
395,6
395,6
395,6
395,6
395,6
396,6
396,6
396,6
396,6
396,6
396,6
396,6
396,6
396,6
397,6
397,6
397,6
397,6
397,6
397,6
397,6
397,6
397,6
397,6
397,6
397,6
397,6
398,6
398,6
398,6
398,6
398,6
399,6
399,6
399,6
399,6
399,6
399,6
399,6
399,6
399,6
400,6
400,6
400,6
400,6
401,6
401,6
401,6
401,6
401,6
401,6
401,6
401,6
402,6
402,6
402,6
402,6
402,6
402,6
402,6
402,6
402,6
403,6
403,6
403,6
403,6
403,6
403,6
403,6
403,6
403,6
403,6
403,6
403,6
403,6
404,6
404,6
404,6
404,6
404,6
405,6
405,6
405,6
405,6
405,6
405,6
405,6
405,6
405,6
406,6
406,6
406,6
406,6
407,6
407,6
407,6
407,6
407,6
407,6
407,6
407,6
408,6
408,6
408,6
408,6
408,6
408,6
408,6
408,6
408,6
409,6
409,6
409,6
409,6
409,6
409,6
409,6
409,6
409,6
409,6
409,6
409,6
409,6
410,6
410,6
410,6
410,6
410,6
411,6
411,6
411,6
411,6
411,6
411,6
411,6
411,6
411,6
412,6
412,6
412,6
412,6
413,6
413,6
413,6
413,6
413,6
413,6
413,6
413,6
414,6
414,6
414,6
414,6
414,6
414,6
414,6
414,6
414,6
415,6
415,6
415,6
415,6
415,6
415,6
415,6
415,6
415,6
415,6
415,6
415,6
415,6
416,6
416,6
416,6
416,6
416,6
417,6
417,6
417,6
417,6
417,6
417,6
417,6
417,6
417,6
418,6
418,6
418,6
418,6
419,6
419,6
419,6
419,6
419,6
419,6
419,6
419,6
420,6
420,6
420,6
420,6
420,6
420,6
420,6
420,6
420,6
421,6
421,6
421,6
421,6
421,6
421,6
421,6
421,6
421,6
421,6
421,6
421,6
421,6
422,6
422,6
422,6
422,6
422,6
423,6
423,6
423,6
423,6
423,6
423,6
423,6
423,6
423,6
424,6
424,6
424,6
424,6
425,6
425,6
425,6
425,6
425,6
425,6
425,6
425,6
426,6
426,6
426,6
426,6
426,6
426,6
426,6
426,6
426,6
426,6
426,6
427,6
427,6
427,6
427,6
427,6
427,6
427,6
427,6
427,6
427,6
427,6
427,6
428,6
428,6
428,6
428,6
428,6
428,6
428,6
428,6
429,6
429,6
429,6
429,6
429,6
429,6
429,6
429,6
429,6
430,6
430,6
430,6
430,6
431,6
431,6
431,6
431,6
431,6
431,6
431,6
431,6
432,6
432,6
432,6
432,6
432,6
432,6
432,6
432,6
433,6
433,6
433,6
433,6
433,6
433,6
433,6
433,6
433,6
434,6
434,6
434,6
434,6
434,6
434,6
434,6
434,6
434,6
434,6
435,6
435,6
435,6
435,6
435,6
436,6
436,6
436,6
436,6
437,6
437,6
437,6
437,6
437,6
437,6
437,6
437,6
437,6
437,6
438,6
438,6
438,6
438,6
438,6
438,6
438,6
439,6
439,6
439,6
439,6
439,6
439,6
439,6
439,6
440,6
440,6
440,6
440,6
440,6
440,6
440,6
440,6
440,6
440,6
440,6
440,6
440,6
440,6
441,6
441,6
441,6
441,6
441,6
442,6
442,6
442,6
442,6
443,6
443,6
443,6
443,6
443,6
443,6
443,6
443,6
443,6
443,6
444,6
444,6
444,6
444,6
444,6
444,6
444,6
445,6
445,6
445,6
445,6
445,6
445,6
445,6
445,6
446,6
446,6
446,6
446,6
446,6
446,6
446,6
446,6
446,6
446,6
446,6
446,6
446,6
446,6
447,6
447,6
447,6
447,6
447,6
448,6
448,6
448,6
448,6
449,6
449,6
449,6
449,6
449,6
449,6
449,6
449,6
449,6
449,6
450,6
450,6
450,6
450,6
450,6
450,6
450,6
451,6
451,6
451,6
451,6
451,6
451,6
451,6
451,6
452,6
452,6
452,6
452,6
452,6
452,6
452,6
452,6
452,6
452,6
452,6
452,6
452,6
452,6
453,6
453,6
453,6
453,6
453,6
454,6
454,6
454,6
454,6
455,6
455,6
455,6
455,6
455,6
455,6
455,6
455,6
455,6
455,6
456,6
456,6
456,6
456,6
456,6
456,6
456,6
457,6
457,6
457,6
457,6
457,6
457,6
457,6
457,6
458,6
458,6
458,6
458,6
458,6
458,6
458,6
458,6
458,6
458,6
458,6
458,6
458,6
458,6
459,6
459,6
459,6
459,6
459,6
460,6
460,6
460,6
460,6
461,6
461,6
461,6
461,6
461,6
461,6
461,6
461,6
461,6
461,6
462,8
462,8
462,8
462,8
462,8
462,8
462,8
463,8
463,8
463,8
463,8
463,8
463,8
463,8
463,8
464,8
464,8
464,8
464,8
464,8
464,8
464,8
464,8
464,8
464,8
464,8
464,8
464,8
464,8
465,8
465,8
465,8
465,8
465,8
466,9
466,9
466,9
466,9
467,9
467,9
467,9
467,9
467,9
467,9
467,9
467,9
467,9
467,9
468,11
468,11
468,11
468,11
468,11
468,11
468,11
469,11
469,11
469,11
469,11
469,11
469,11
469,11
469,11
470,11
470,11
470,11
470,11
470,11
470,11
470,11
470,11
470,11
470,11
470,11
470,11
470,11
470,11
471,11
471,11
471,11
471,11
471,11
472,12
472,12
472,12
472,12
473,12
473,12
473,12
473,12
473,12
473,12
473,12
473,12
473,12
473,12
474,13
474,13
474,13
474,13
474,13
474,13
474,13
475,13
475,13
475,13
475,13
475,13
475,13
475,13
475,13
476,13
476,13
476,13
476,13
476,13
476,13
476,13
476,13
476,13
476,13
476,13
476,13
476,13
476,13
477,13
477,13
477,13
477,13
477,13
478,14
478,14
478,14
478,14
479,14
479,14
479,14
479,14
479,14
479,14
479,14
479,14
479,14
479,14
480,15
480,15
480,15
480,15
480,15
480,15
480,15
481,15
481,15
481,15
481,15
481,15
481,15
481,15
481,15
482,15
482,15
482,15
482,15
482,15
482,15
482,15
482,15
482,15
482,15
482,15
482,15
482,15
482,15
483,16
483,16
483,16
483,16
483,16
484,16
484,16
484,16
484,16
485,17
485,17
485,17
485,17
485,17
485,17
485,17
485,17
485,17
485,17
486,17
486,17
486,17
486,17
486,17
486,17
486,17
487,17
487,17
487,17
487,17
487,17
487,17
487,17
487,17
488,17
488,17
488,17
488,17
488,17
488,17
488,17
488,17
488,17
488,17
488,17
488,17
489,18
489,18
489,18
489,18
489,18
489,18
490,18
490,18
490,18
490,18
490,18
490,18
490,18
490,18
490,18
490,18
490,18
491,19
491,19
491,19
491,19
491,19
491,19
491,19
491,19
491,19
492,19
492,19
492,19
492,19
492,19
492,19
492,19
492,19
492,19
493,20
493,20
493,20
493,20
493,20
493,20
493,20
493,20
493,20
494,21
494,21
494,21
494,21
494,21
494,21
494,21
494,21
494,21
494,21
494,21
494,21
494,21
495,23
495,23
495,23
495,23
495,23
495,23
495,23
495,23
495,23
495,23
496,24
496,24
496,24
496,24
496,24
496,24
496,24
496,24
496,24
496,24
497,25
497,25
498,25
498,25
498,25
498,25
498,25
498,25
498,25
499,26
499,26
499,26
499,26
499,26
499,26
499,26
499,26
499,26
500,27
500,27
500,27
500,27
500,27
500,27
500,27
500,27
500,27
500,27
501,28
501,28
501,28
501,28
501,28
501,28
501,28
501,28
501,28
501,28
502,28
502,28
502,28
502,28
502,28
502,28
502,28
502,28
502,28
502,28
503,30
503,30
504,30
504,30
504,30
504,30
504,30
504,30
504,30
505,30
505,30
505,30
505,30
505,30
505,30
505,30
505,30
505,30
506,32
506,32
506,32
506,32
506,32
506,32
506,32
506,32
506,32
506,32
507,35
507,35
507,35
507,35
507,35
507,35
507,35
507,35
507,35
507,35
508,37
508,37
508,37
508,37
508,37
508,37
508,37
508,37
508,37
508,37
509,40
509,40
510,40
510,40
510,40
510,40
510,40
510,40
510,40
511,40
511,40
511,40
511,40
511,40
511,40
511,40
511,40
511,40
512,44
512,44
512,44
512,44
512,44
512,44
512,44
512,44
512,44
512,44
513,47
513,47
513,47
513,47
513,47
513,47
513,47
513,47
513,47
513,47
514,50
514,50
514,50
514,50
514,50
514,50
514,50
514,50
514,50
514,50
515,52
515,52
516,52
516,52
516,52
516,52
516,52
516,52
516,52
517,52
517,52
517,52
517,52
517,52
517,52
517,52
517,52
517,52
518,53
518,53
518,53
518,53
518,53
518,53
518,53
518,53
518,53
518,53
519,56
519,56
519,56
519,56
519,56
519,56
519,56
519,56
519,56
519,56
520,60
520,60
520,60
520,60
520,60
520,60
520,60
520,60
520,60
520,60
521,63
521,63
522,64
522,64
522,64
522,64
522,64
522,64
522,64
523,64
523,64
523,64
523,64
523,64
523,64
523,64
523,64
523,64
524,66
524,66
524,66
524,66
524,66
524,66
524,66
524,66
524,66
524,66
525,68
525,68
525,68
525,68
525,68
525,68
525,68
525,68
525,68
525,68
526,71
526,71
526,71
526,71
526,71
526,71
526,71
526,71
526,71
526,71
527,76
527,76
528,77
528,77
528,77
528,77
528,77
528,77
528,77
529,77
529,77
529,77
529,77
529,77
529,77
529,77
529,77
529,77
530,79
530,79
530,79
530,79
530,79
530,79
530,79
530,79
530,79
530,79
531,82
531,82
531,82
531,82
531,82
531,82
531,82
531,82
531,82
531,82
532,85
532,85
532,85
532,85
532,85
532,85
532,85
532,85
532,85
532,85
533,90
533,90
534,91
534,91
534,91
534,91
534,91
534,91
534,91
535,92
535,92
535,92
535,92
535,92
535,92
535,92
535,92
535,92
536,92
536,92
536,92
536,92
536,92
536,92
536,92
536,92
536,92
536,92
537,94
537,94
537,94
537,94
537,94
537,94
537,94
537,94
537,94
537,94
538,96
538,96
538,96
538,96
538,96
538,96
538,96
538,96
538,96
538,96
539,97
539,97
540,97
540,97
540,97
540,97
540,97
540,97
540,97
541,98
541,98
541,98
541,98
541,98
541,98
541,98
541,98
541,98
542,98
542,98
542,98
542,98
542,98
542,98
542,98
542,98
542,98
542,98
543,101
543,101
543,101
543,101
543,101
543,101
543,101
543,101
543,101
543,101
544,102
544,102
544,102
544,102
544,102
544,102
544,102
544,102
544,102
544,102
545,103
545,103
546,103
546,103
546,103
546,103
546,103
546,103
546,103
546,103
546,103
547,106
547,106
547,106
547,106
547,106
547,106
547,106
547,106
547,106
547,106
548,106
548,106
548,106
548,106
548,106
548,106
548,106
548,106
549,108
549,108
549,108
549,108
549,108
549,108
550,108
550,108
550,108
550,108
550,108
550,108
550,108
550,108
550,108
551,109
551,109
551,109
552,109
552,109
552,109
552,109
552,109
552,109
552,109
552,109
552,109
553,110
553,110
553,110
553,110
553,110
553,110
553,110
553,110
553,110
553,110
554,111
554,111
554,111
554,111
554,111
554,111
555,111
555,111
556,112
556,112
556,112
556,112
556,112
556,112
556,112
556,112
556,112
556,112
557,116
557,116
557,116
557,116
557,116
557,116
557,116
558,117
558,117
558,117
558,117
558,117
558,117
558,117
558,117
558,117
558,117
558,117
558,117
559,120
559,120
559,120
559,120
559,120
559,120
559,120
559,120
559,120
559,120
559,120
559,120
560,122
560,122
560,122
560,122
560,122
561,123
561,123
562,124
562,124
562,124
562,124
562,124
562,124
562,124
562,124
562,124
562,124
563,127
563,127
563,127
563,127
563,127
563,127
563,127
564,127
564,127
564,127
564,127
564,127
564,127
564,127
564,127
564,127
564,127
564,127
564,127
565,130
565,130
565,130
565,130
565,130
565,130
565,130
565,130
565,130
565,130
565,130
565,130
566,130
566,130
566,130
566,130
566,130
567,131
567,131
568,132
568,132
568,132
568,132
568,132
568,132
568,132
568,132
568,132
568,132
569,135
569,135
569,135
569,135
569,135
569,135
569,135
570,136
570,136
570,136
570,136
570,136
570,136
570,136
570,136
570,136
570,136
570,136
570,136
571,138
571,138
571,138
571,138
571,138
571,138
571,138
571,138
571,138
571,138
571,138
571,138
572,141
572,141
572,141
572,141
572,141
573,141
573,141
574,142
574,142
574,142
574,142
574,142
574,142
574,142
574,142
574,142
574,142
575,143
575,143
575,143
575,143
575,143
575,143
575,143
576,144
576,144
576,144
576,144
576,144
576,144
576,144
576,144
576,144
576,144
576,144
576,144
577,146
577,146
577,146
577,146
577,146
577,146
577,146
577,146
577,146
577,146
577,146
577,146
578,148
578,148
578,148
578,148
578,148
579,148
579,148
580,148
580,148
580,148
580,148
580,148
580,148
580,148
580,148
580,148
580,148
581,149
581,149
581,149
581,149
581,149
581,149
581,149
582,152
582,152
582,152
582,152
582,152
582,152
582,152
582,152
582,152
582,152
582,152
582,152
583,154
583,154
583,154
583,154
583,154
583,154
583,154
583,154
583,154
583,154
583,154
583,154
584,154
584,154
584,154
584,154
584,154
585,154
585,154
586,154
586,154
586,154
586,154
586,154
586,154
586,154
586,154
586,154
586,154
587,157
587,157
587,157
587,157
587,157
587,157
587,157
588,159
588,159
588,159
588,159
588,159
588,159
588,159
588,159
588,159
588,159
588,159
588,159
589,163
589,163
589,163
589,163
589,163
589,163
589,163
589,163
589,163
589,163
589,163
589,163
590,163
590,163
590,163
590,163
590,163
591,164
591,164
592,164
592,164
592,164
592,164
592,164
592,164
592,164
592,164
592,164
592,164
593,165
593,165
593,165
593,165
593,165
593,165
593,165
594,166
594,166
594,166
594,166
594,166
594,166
594,166
594,166
594,166
594,166
594,166
594,166
595,169
595,169
595,169
595,169
595,169
595,169
595,169
595,169
595,169
595,169
595,169
595,169
596,170
596,170
596,170
596,170
596,170
597,171
597,171
598,171
598,171
598,171
598,171
598,171
598,171
598,171
598,171
598,171
598,171
599,172
599,172
599,172
599,172
599,172
599,172
599,172
600,173
600,173
600,173
600,173
600,173
600,173
600,173
600,173
600,173
600,173
600,173
600,173
601,175
601,175
601,175
601,175
601,175
601,175
601,175
601,175
601,175
601,175
601,175
601,175
602,175
602,175
602,175
602,175
602,175
603,175
603,175
604,175
604,175
604,175
604,175
604,175
604,175
604,175
604,175
604,175
604,175
605,175
605,175
605,175
605,175
605,175
605,175
605,175
606,176
606,176
606,176
606,176
606,176
606,176
607,176
607,176
607,176
607,176
607,176
607,176
607,176
607,176
607,176
608,177
608,177
608,177
608,177
609,177
610,177
610,177
610,177
610,177
611,177
611,177
611,177
611,177
612,178
612,178
612,178
613,178
613,178
613,178
613,178
613,178
614,179
614,179
650,179
650,179
650,179
650,179
650,179
650,179
650,179
650,179
650,179
650,179
650,179
650,179
650,179
650,179
650,179
650,179
650,179
650,179
650,179
650,179
650,179
650,179
650,179
650,179
650,179
650,179
650,179
650,179
650,179
650,179
650,179
650,179
650,179
650,179
655,179
